time,temperature_2m_max (째F),temperature_2m_min (째F),apparent_temperature_max (째F),apparent_temperature_min (째F),precipitation_sum (inch),rain_sum (inch),wind_speed_10m_max (mp/h),wind_gusts_10m_max (mp/h)
1/1/2015,49.5,28.9,44,21.9,0,0,5.2,9.6
1/2/2015,50.8,30.2,45.7,24,0,0,5,8.7
1/3/2015,52.2,29.7,47.6,23.5,0,0,4.2,10.1
1/4/2015,54.4,34,50,28.1,0,0,4.2,11.4
1/5/2015,59.1,32,55.5,27,0,0,5,8.9
1/6/2015,65.2,34.3,62.6,29.1,0,0,5.2,8.3
1/7/2015,66.4,36.2,64.1,31.4,0,0,4.5,9.8
1/8/2015,66.9,37.6,64.7,32.8,0,0,4.6,8.3
1/9/2015,63.1,43.6,61.4,40.5,0,0,4.9,9.8
1/10/2015,65.9,43.8,63.2,40.6,0,0,5.5,9.8
1/11/2015,63.8,43.7,62.3,40.7,0,0,3.4,10.1
1/12/2015,60.6,44.5,57.8,40.6,0,0,5.3,13.4
1/13/2015,61.5,42.4,59.7,39.4,0,0,4.7,10.7
1/14/2015,63,37.9,60.9,34.3,0,0,4,10.7
1/15/2015,63.1,36.5,59.5,31.9,0,0,5.1,10.1
1/16/2015,62.4,39.5,57.7,35,0,0,5.4,13.2
1/17/2015,61.6,41.1,58.8,37.8,0,0,4.8,10.7
1/18/2015,65.6,43.1,64,39.9,0,0,4.8,10.1
1/19/2015,61.3,47.5,59.3,45.8,0,0,4.8,14.3
1/20/2015,57.9,43.9,55.4,40.4,0,0,5.6,15.2
1/21/2015,58.9,40.5,56.1,36.6,0,0,4.3,10.3
1/22/2015,61.6,38.3,57.7,34.7,0,0,5.1,11.9
1/23/2015,61.9,36.5,57.6,31.8,0,0,4.9,11.2
1/24/2015,63.7,36.2,59.6,31.7,0,0,4,10.1
1/25/2015,66,35.8,62.4,30.9,0,0,4.7,9.8
1/26/2015,67.3,39.4,64,34.8,0,0,4.8,13.2
1/27/2015,64.6,49.5,63.5,47,0.13,0.13,8.9,18.1
1/28/2015,64.4,43.1,61.6,39.4,0,0,5,12.1
1/29/2015,67.6,42.9,64.8,39.3,0,0,5.6,11.2
1/30/2015,64.9,42,62.2,38.1,0,0,4.3,12.5
1/31/2015,65.7,45.7,63.8,43.1,0,0,4.6,12.5
2/1/2015,67.4,41.4,64.5,37.8,0,0,5.4,10.5
2/2/2015,67.4,44.8,65,41.2,0,0,5.3,11
2/3/2015,68.4,45.4,66.5,42.5,0,0,3.8,9.8
2/4/2015,76.1,43.6,73.3,39.1,0,0,5.3,11.9
2/5/2015,77.2,46.6,73.6,41.8,0,0,6.1,12.5
2/6/2015,75,48.5,70.2,44.5,0.012,0.012,8.4,18.6
2/7/2015,68.3,55.8,67.1,52.8,0.535,0.535,12,25.9
2/8/2015,70.5,52.2,68.8,49.6,0.555,0.555,9.5,23.7
2/9/2015,69,51.4,64.1,50,0.024,0.024,10.5,20.4
2/10/2015,63.5,46.7,60.8,44,0,0,7.6,15
2/11/2015,68.6,45.6,66.3,42.6,0,0,5.3,12.3
2/12/2015,72,42.6,71,38.9,0,0,4.3,8.7
2/13/2015,73.7,43.7,72.2,40.5,0,0,5.6,11.4
2/14/2015,74,48.5,73.5,47.6,0,0,5.6,11
2/15/2015,71,46.5,71.5,45.3,0,0,4.8,10.7
2/16/2015,74,47.8,73.8,45.9,0,0,5.7,10.7
2/17/2015,72.3,46.3,71.1,44.2,0,0,5.9,12.8
2/18/2015,68.5,48.6,67.7,46.3,0,0,5.3,14.3
2/19/2015,69.2,47.8,68.2,46.2,0,0,6,13.2
2/20/2015,66.8,48.8,66.5,46.4,0,0,5,13.4
2/21/2015,67,43.9,65.1,41.5,0,0,4.7,11.2
2/22/2015,58.9,46.8,56.7,44.2,0.055,0.055,6.8,13.6
2/23/2015,58.1,45.3,55.8,41.7,0.169,0.169,6.2,16.1
2/24/2015,63,39.1,60.6,33.9,0,0,4.2,12.1
2/25/2015,64.6,41.8,61,37.1,0,0,5.2,15.7
2/26/2015,65.5,41.8,62.6,37.7,0,0,7.4,15.4
2/27/2015,64.9,44.1,61.4,41.4,0.091,0.091,7.2,17.9
2/28/2015,59,44.3,55.8,40.4,0.028,0.028,6.1,12.8
3/1/2015,63,42.8,59.2,38.5,0.016,0.016,4.7,13.4
3/2/2015,61.1,40.7,57.2,36.7,0.106,0.106,6.9,20.4
3/3/2015,63.5,41.9,59.2,37.7,0,0,7.2,19.5
3/4/2015,66.9,40.4,64.4,35.8,0,0,5.6,12.3
3/5/2015,72.3,44.5,68.8,40.4,0,0,5.9,12.1
3/6/2015,72.9,43.8,70.1,39.9,0,0,5.9,12.8
3/7/2015,77.9,44.8,76,41.5,0,0,5.6,10.3
3/8/2015,78.1,47.3,75,44.4,0,0,5.6,15.9
3/9/2015,78.6,49.4,78.6,47.7,0,0,5.2,11.6
3/10/2015,83.9,49.7,79.5,47.1,0,0,5,14.8
3/11/2015,75.9,58.5,72.3,55.5,0,0,9.9,22.4
3/12/2015,76.9,50.9,74.8,47.3,0,0,7.5,17.2
3/13/2015,83.5,49.4,81.9,46.6,0,0,5.2,12.8
3/14/2015,88.1,55.6,85.7,53.1,0,0,4.5,12.1
3/15/2015,89.5,57.2,87.1,53.6,0,0,7.1,15.9
3/16/2015,80.8,56.7,78.3,54.5,0,0,8.6,16.6
3/17/2015,75.4,58,70.5,55.6,0,0,8.5,19.2
3/18/2015,77.1,54,73.1,51.2,0,0,6.8,17.7
3/19/2015,81.5,54.3,79.1,51.2,0,0,6,14.1
3/20/2015,82.6,51.2,80.2,48.3,0,0,8.6,12.3
3/21/2015,80,52.1,76,48.8,0,0,5.3,16.1
3/22/2015,76.1,53.6,74.2,50.3,0,0,12.1,27.3
3/23/2015,73,54.1,68.6,51.2,0.008,0.008,11.7,25.3
3/24/2015,72.7,51.6,66.9,47.3,0,0,13,29.5
3/25/2015,79.4,52,78.2,49.4,0,0,7.1,15
3/26/2015,88.5,52.9,87.3,50.5,0,0,5.6,11.9
3/27/2015,91.3,56.5,90.1,54.1,0,0,8.3,15.4
3/28/2015,85.2,57.8,82.5,55.8,0,0,8.7,20.6
3/29/2015,86.4,59.7,85.1,56.7,0,0,5.3,16.3
3/30/2015,89.5,58.2,87.5,54.7,0,0,9.8,17.2
3/31/2015,79.3,57.8,73.7,52.3,0,0,13.6,29.3
4/1/2015,74.1,52.9,66.9,45,0,0,12.8,26.4
4/2/2015,74.2,50,69,43.3,0,0,9.3,22.4
4/3/2015,79.4,48.3,75.5,42.9,0,0,7.4,14.8
4/4/2015,78.9,49.3,73.5,44.2,0,0,10,25.3
4/5/2015,70.7,50,67,42.7,0,0,13.9,31.8
4/6/2015,67.3,48.9,63.6,43.7,0,0,8.4,18.3
4/7/2015,58.4,46.7,55.1,43.1,0.425,0.425,11.4,21.5
4/8/2015,65.6,41.8,61.1,37.5,0.016,0.016,8.1,20.8
4/9/2015,71.8,44.6,68.6,40.6,0,0,5.7,12.3
4/10/2015,77.4,45.9,74.7,42.8,0,0,8.2,18.6
4/11/2015,78.2,49.7,73.4,46.4,0,0,12,27.5
4/12/2015,81,52.4,79.7,50,0,0,5.8,14.5
4/13/2015,88.9,52.8,87.4,50.5,0,0,15.5,31.8
4/14/2015,70.9,53,62.3,45.8,0,0,15.7,33.8
4/15/2015,76,49.3,71.8,42.7,0,0,7.6,18.1
4/16/2015,82.1,47.6,78.6,40.8,0,0,5.6,15
4/17/2015,85.5,51.7,81.9,46,0,0,6.4,15.9
4/18/2015,88.3,54.2,84.8,50,0,0,6,15
4/19/2015,89,58.2,86.6,54.2,0,0,6,15.4
4/20/2015,87.4,58.5,85.2,55.4,0,0,9.1,18.3
4/21/2015,80.9,59.2,78.8,55.8,0,0,7.7,16.8
4/22/2015,79,58.3,79.9,56.8,0,0,5.4,13.4
4/23/2015,80.8,58.6,78.5,56.2,0.012,0.012,6,14.8
4/24/2015,76.3,56.7,71.2,52.2,0.13,0.13,10.2,25.9
4/25/2015,67.3,52.8,66.5,49.7,0.421,0.421,10.5,22.6
4/26/2015,75.2,51,71.7,46.7,0,0,8.9,23
4/27/2015,84.5,51.5,85.1,48.4,0,0,5.4,13.4
4/28/2015,90.9,56.4,90.9,54.8,0,0,7.1,14.8
4/29/2015,91.1,60.5,89.8,58.4,0,0,8.6,16.3
4/30/2015,92.7,60.2,92.4,58.7,0,0,5.4,13.2
5/1/2015,95,64.9,94.1,62.7,0,0,4.9,15.2
5/2/2015,92.5,64.1,89.3,61,0,0,5.1,16.8
5/3/2015,89.7,62.8,86.1,58.9,0,0,5.3,16.8
5/4/2015,84.4,58.3,82.9,54.9,0,0,7.8,18.3
5/5/2015,84.1,57.6,81.1,54,0,0,8.5,20.6
5/6/2015,79.6,54.6,76.6,51.4,0,0,8.2,22.1
5/7/2015,68.9,55.2,66.9,51.3,0.087,0.087,8.4,22.4
5/8/2015,69.8,51.1,65.8,48,0.012,0.012,6.4,16.8
5/9/2015,79.4,55.2,78.8,51.8,0,0,8.4,18.8
5/10/2015,86.7,55.7,85.8,53.9,0,0,6.7,15.7
5/11/2015,86.5,58.9,84.3,53.9,0,0,13.6,28.4
5/12/2015,77.2,53.4,72.5,48.7,0,0,10.8,22.8
5/13/2015,75.8,52.6,72.7,47.4,0,0,9.4,21.5
5/14/2015,73.9,55.4,73.9,50.9,0.213,0.213,10.7,29.1
5/15/2015,70.5,53.7,65.3,52,0,0,9.3,20.6
5/16/2015,78,51.9,76.9,48.8,0,0,7,14.3
5/17/2015,75.8,55.6,74.9,52.6,0,0,9.7,21.7
5/18/2015,77.7,55.5,75.7,51.6,0,0,9.8,22.1
5/19/2015,79,52.9,76.5,49,0,0,9.5,20.4
5/20/2015,81.7,56.7,80.5,53.3,0.004,0.004,10.4,19.5
5/21/2015,73.1,55.6,71.3,51.9,0.059,0.059,8.6,18.6
5/22/2015,73.1,55.5,69.5,53.9,0.15,0.15,8.1,19.2
5/23/2015,78.2,55.6,75.8,53.4,0,0,8.5,21.7
5/24/2015,83.8,55.6,84.4,53.8,0,0,8.5,17.4
5/25/2015,87.4,59.4,88.1,57.1,0,0,7.6,18.1
5/26/2015,87.7,60.1,87.5,57.6,0,0,8.3,18.3
5/27/2015,90,60.3,87.3,57.9,0,0,8.9,21.5
5/28/2015,91.3,60.1,88.2,57.6,0,0,8.4,20.8
5/29/2015,95.7,61.7,92.7,59.7,0,0,8.4,19.9
5/30/2015,98.6,64,96.7,61.8,0,0,6.3,14.8
5/31/2015,99.1,66.1,97.6,64.4,0,0,10.7,25.5
6/1/2015,87.9,61.1,85.6,57.1,0,0,11.8,25.1
6/2/2015,87.8,61.4,84.8,59.4,0,0,11,24.4
6/3/2015,88.9,62.9,85.6,60,0,0,11.4,26.4
6/4/2015,85.5,57.1,83.6,54.8,0,0,8.8,18.3
6/5/2015,88.9,65.5,90.2,63.6,0.02,0.02,7.6,21
6/6/2015,90.9,67.5,92.1,66.9,0,0,7.7,21
6/7/2015,98.2,67.3,99.5,67.4,0,0,5.2,13.9
6/8/2015,106.1,71.2,104.9,71,0,0,6,17.7
6/9/2015,96.6,77.1,95.6,75.4,0,0,7.5,24.2
6/10/2015,89.5,73,89.4,73.5,0.004,0.004,10.6,24.8
6/11/2015,94.3,68.4,95.6,70,0,0,6.5,15.9
6/12/2015,100.6,73.6,104.1,75,0.004,0.004,6.5,14.5
6/13/2015,105.2,75,105.6,76.7,0,0,9.5,20.8
6/14/2015,101.7,72.3,98.9,70.5,0,0,8.7,19.2
6/15/2015,99.3,68.4,95.5,66.2,0,0,10.1,21
6/16/2015,98.8,65.5,95.4,62.3,0,0,8.5,18.1
6/17/2015,102.4,67.6,99.1,65.8,0,0,8.2,17.2
6/18/2015,102,69.1,98.7,66.6,0,0,11.3,23.5
6/19/2015,99.6,67.9,94.6,63.3,0,0,9.7,23
6/20/2015,102.9,67.3,99.1,64.3,0,0,7,19.5
6/21/2015,98.5,70.1,94.9,66.9,0,0,10.3,21.9
6/22/2015,96.8,66.1,91.6,61.7,0,0,9.2,22.1
6/23/2015,96.8,66.7,93.1,63.1,0,0,8.9,20.6
6/24/2015,99.7,68.8,97.8,66.3,0,0,6.8,19.7
6/25/2015,106,73,104.9,71.7,0,0,5.7,16.8
6/26/2015,108.6,78.4,108.6,76.2,0,0,7.2,19.2
6/27/2015,105.1,76.4,104,75.7,0,0,7.8,18.8
6/28/2015,99.5,77,99.7,75.6,0,0,7.8,20.1
6/29/2015,97.9,74,96.4,72.1,0,0,8.9,17.2
6/30/2015,107.8,76.5,106,75.5,0,0,8.3,18.3
7/1/2015,103.5,81.1,103,79.3,0,0,8.1,16.3
7/2/2015,100.7,80.3,101,80.8,0,0,7.7,18.6
7/3/2015,103.9,79.5,108.1,82.5,0,0,8.9,24.6
7/4/2015,103.4,77.7,106.9,78.5,0.024,0.024,8.5,20.6
7/5/2015,100.6,76.1,102.7,75,0,0,11.3,23.9
7/6/2015,95.8,71.7,94.8,70.9,0,0,11.8,25.1
7/7/2015,95.2,70.4,94.7,68.4,0,0,10.8,25.9
7/8/2015,92.3,68,92,67,0.008,0.008,11.2,22.1
7/9/2015,87.5,64.8,87.6,62.6,0.004,0.004,9.3,19
7/10/2015,85.1,66.9,85.8,65.7,0,0,9.6,19.2
7/11/2015,93.4,67.1,93.5,66.2,0,0,9.2,22.6
7/12/2015,95.5,70,96.1,69.3,0,0,10.3,23.7
7/13/2015,95.8,70.6,95,69,0,0,11.6,21.9
7/14/2015,96.1,69.1,94.1,67.8,0,0,10.6,22.6
7/15/2015,97.4,66.4,96.7,64.2,0,0,7.4,16.6
7/16/2015,100.5,72,100.4,70.8,0,0,5.9,15.4
7/17/2015,102.7,72.7,103.8,71.9,0,0,5.4,15.7
7/18/2015,101,73.2,99.7,73.7,0,0,14.1,24.2
7/19/2015,90.6,75.6,91,73.7,0,0,8.9,20.4
7/20/2015,98.6,77.1,103,79.2,0.012,0.012,5.6,13.6
7/21/2015,100.5,77.9,102.4,80.2,0,0,7.3,19
7/22/2015,97.7,74.8,96.6,72.4,0,0,11.5,25.7
7/23/2015,94.1,68.3,91.3,65.8,0,0,7.6,19.2
7/24/2015,96.8,68,94.5,65.4,0,0,11.5,22.6
7/25/2015,97.3,70.5,95.1,67.1,0,0,10,19.7
7/26/2015,96.4,68.5,94.4,66.6,0,0,10,21.5
7/27/2015,96.8,68.4,93.8,66,0,0,7.4,20.8
7/28/2015,103.2,70.8,101.2,69.1,0,0,7.1,18.1
7/29/2015,108,72.9,106.7,70.7,0,0,6.3,16.1
7/30/2015,104.7,78.7,102.5,76.6,0,0,6.4,21
7/31/2015,101.4,79,101.5,78.3,0,0,13,20.6
8/1/2015,99.8,73.6,99.6,73,0,0,10,22.8
8/2/2015,99.2,73.7,99,72.3,0,0,9.8,22.1
8/3/2015,97.4,70.4,97.2,69.5,0,0,10.1,22.6
8/4/2015,90.5,67.1,89.2,66,0,0,9.8,19.7
8/5/2015,92.6,66.8,91.8,65.3,0,0,7.6,17.2
8/6/2015,94.1,73.1,91.6,72.1,0,0,5.4,15
8/7/2015,94.8,70.6,95.5,70.4,0,0,9.5,16.8
8/8/2015,94.9,69.3,94.9,69.2,0,0,8,19.7
8/9/2015,97.5,69.1,96.5,68.2,0,0,8.7,18.6
8/10/2015,95.5,70.7,93.6,71,0,0,10.8,23.3
8/11/2015,94,67.4,92.8,66.1,0,0,8.9,19.2
8/12/2015,96.7,67.7,95.9,66.2,0,0,8.4,17.9
8/13/2015,98.4,68.4,97.2,67.4,0,0,9.9,21.5
8/14/2015,95.5,67.5,94.4,64,0,0,10.3,20.6
8/15/2015,101.5,69,100.7,67.6,0,0,6.7,16.8
8/16/2015,106.6,75,103.7,72.2,0,0,6.9,16.3
8/17/2015,106.9,75.6,105,72.9,0,0,7.3,17.4
8/18/2015,102.2,75.4,100,73.5,0,0,7.2,20.1
8/19/2015,99,71.7,97.6,70,0,0,8.3,19.2
8/20/2015,95.8,68.3,94.2,67.2,0,0,7.3,17.2
8/21/2015,95.4,68,94.9,67.6,0,0,7.1,17.4
8/22/2015,96.5,67.7,96.7,67.9,0,0,6.8,14.1
8/23/2015,97.9,70,97.7,70.2,0,0,7.6,17.7
8/24/2015,98.7,70.3,98.4,69.8,0,0,6.8,19.7
8/25/2015,101.8,70.4,101.1,69.2,0,0,6.1,18.6
8/26/2015,101.8,73.1,100,71.8,0,0,9,20.8
8/27/2015,103.2,73.2,101,71.4,0,0,7.8,19.2
8/28/2015,105.1,74.5,104.8,73.2,0,0,7.6,15.9
8/29/2015,96.1,73.1,96.2,72.9,0,0,12.3,24.8
8/30/2015,91.2,67,88.1,64.3,0,0,11.7,23.9
8/31/2015,93.6,65.5,91.5,64.7,0,0,7.6,17.4
9/1/2015,97.4,65.2,96.1,63.4,0,0,7,15
9/2/2015,93.1,67,92.2,66,0,0,10.3,22.1
9/3/2015,89,65.2,87.4,64.1,0,0,8.5,19.7
9/4/2015,88.9,63.9,87.4,62,0,0,9.5,21.5
9/5/2015,87.2,60,83,56.8,0,0,7.1,19.7
9/6/2015,92.6,61.6,88.3,56.8,0,0,6,17
9/7/2015,97.6,62.3,93.7,57.9,0,0,6.2,14.8
9/8/2015,102.3,63.7,98.3,59.1,0,0,5.7,17
9/9/2015,105.1,71.4,101.9,67.1,0,0,6.9,15.7
9/10/2015,104.7,72.4,102.3,70.2,0,0,7.2,16.1
9/11/2015,105.2,75.4,102.8,72.6,0,0,7.4,17.9
9/12/2015,98.5,71.4,94.5,68.1,0,0,11,24.6
9/13/2015,98.2,73.5,95.1,70.7,0,0,6.3,14.5
9/14/2015,83.2,73.5,82.4,71.1,0.055,0.055,6,19.9
9/15/2015,82.9,67.3,83.7,61.6,0,0,12.6,24.4
9/16/2015,80.8,59.5,76.7,54.9,0,0,9.8,22.6
9/17/2015,82.3,60.1,80.2,57.4,0,0,9.1,21.7
9/18/2015,88.7,60.7,87.1,58.8,0,0,6.2,17.9
9/19/2015,95.5,60.6,93.4,58.6,0,0,5.9,14.3
9/20/2015,102.7,66.5,99.9,63.6,0,0,6.7,16.8
9/21/2015,101.8,70.7,98,68.5,0,0,8.7,20.1
9/22/2015,98,69.1,97.2,67.1,0,0,8.8,18.3
9/23/2015,93.1,65,88.6,62.9,0,0,7.6,19.7
9/24/2015,97.2,64.8,94.4,61.9,0,0,7.5,13.6
9/25/2015,100.6,68,98,65.7,0,0,7.9,15.2
9/26/2015,97.9,69.6,94.8,66.6,0,0,7.2,18.8
9/27/2015,95.9,70.9,94.1,69.5,0,0,5.4,12.5
9/28/2015,91.3,70.7,87.5,69.4,0,0,7.1,17.4
9/29/2015,86.2,67.4,82.3,65.8,0,0,8.9,20.1
9/30/2015,83,65.5,77.4,63.2,0,0,9.2,21.7
10/1/2015,80.8,64.6,78.3,62.8,0.063,0.063,9.3,19.9
10/2/2015,82.5,60.3,82.8,60.2,0,0,8.1,17.4
10/3/2015,88,59.9,87.5,57.4,0,0,9.6,20.4
10/4/2015,75.6,54.2,73.3,52.8,0.028,0.028,7.7,19.7
10/5/2015,81.5,57.1,80,54.2,0,0,5.4,14.8
10/6/2015,84.4,59.5,83,56.6,0,0,5.3,13.4
10/7/2015,87,60.3,86.4,59.8,0,0,5.3,13.2
10/8/2015,91.3,67.1,89.8,66.7,0,0,6.1,14.8
10/9/2015,94,66.9,92.6,66.2,0,0,6.8,14.1
10/10/2015,97.7,65.5,96.8,63.3,0,0,8.3,14.8
10/11/2015,93.6,66.5,92.3,66.4,0,0,6.7,14.3
10/12/2015,96.4,64,93.9,63.4,0,0,5.3,13.6
10/13/2015,97.2,67.4,94.8,65.3,0,0,5,12.5
10/14/2015,91.8,66.8,89,64.9,0,0,4.7,11.6
10/15/2015,90.7,66,88.4,65.7,0,0,8.1,17.2
10/16/2015,88.2,66.6,88.8,69.6,0.012,0.012,4.9,13
10/17/2015,81.3,66.1,81.3,65.8,0.016,0.016,9.5,19.2
10/18/2015,74.5,60.1,71.8,59.9,0.366,0.366,11.3,20.4
10/19/2015,75.4,57.7,71.6,56.1,0,0,7.9,19.2
10/20/2015,78.1,58.7,76.9,58.3,0,0,5,15.2
10/21/2015,81.5,54.4,79.7,52.1,0,0,4.7,11.4
10/22/2015,83.6,57.2,80.9,55.4,0,0,5.9,11
10/23/2015,84.1,56.2,81.4,53.6,0,0,4.8,11
10/24/2015,85.2,57.6,81.9,56,0,0,5.4,11
10/25/2015,85.4,60.6,80.8,58.2,0,0,9.2,19.5
10/26/2015,84.5,55.6,80.6,53.5,0,0,5.2,11.2
10/27/2015,79.6,58,75.2,54.5,0,0,7.3,15.2
10/28/2015,74.3,62.3,72.4,60,0.035,0.035,10.3,20.4
10/29/2015,76.6,56.5,71.4,54.5,0,0,8.1,19.5
10/30/2015,76.4,49.8,71.7,46.5,0,0,4.4,14.5
10/31/2015,82.8,51.3,78.8,47,0,0,5.2,10.3
11/1/2015,80,54.2,76.9,51.4,0,0,9.1,18.8
11/2/2015,61.9,50.6,59.8,44.5,0.594,0.594,14.5,31.3
11/3/2015,62.2,48.9,57.9,47.8,0.067,0.067,6.3,18.3
11/4/2015,63.1,46.5,57.3,41.8,0,0,7.3,17
11/5/2015,64.2,41.4,59.1,36.5,0,0,5.4,11
11/6/2015,65.8,47.3,61.2,42.6,0,0,5,11.9
11/7/2015,70.6,46,66.4,41.9,0,0,5.1,10.5
11/8/2015,71.3,43.1,66.5,38.8,0.071,0.071,11.7,21.5
11/9/2015,62.8,47.3,57.7,44.5,0.213,0.213,6.8,17
11/10/2015,57.6,42.5,51.8,40,0.024,0.024,7.8,17.9
11/11/2015,60.1,41.4,56.2,38.3,0,0,4.4,13
11/12/2015,62.2,39.9,57.5,35.6,0,0,5.5,15.9
11/13/2015,67,43.7,63.3,39.6,0,0,5.1,9.6
11/14/2015,72.9,41.4,67.9,37.7,0,0,6,12.5
11/15/2015,54.2,41.9,53,36,0.587,0.587,8.2,18.3
11/16/2015,57.6,42.1,48.4,33,0,0,14.9,26.6
11/17/2015,57.3,36,52.4,30.4,0,0,4.3,11.4
11/18/2015,59.8,38,57.4,33.1,0,0,4.1,13
11/19/2015,65.2,42.1,63.1,39,0,0,4.3,12.8
11/20/2015,66.1,42.9,64.6,39.3,0,0,5,12.8
11/21/2015,72.6,47.5,70.6,44.7,0,0,5.5,10.1
11/22/2015,75.1,43.3,72.5,39.8,0,0,3.9,10.7
11/23/2015,76.3,47.3,72.4,43.3,0,0,6.3,13.9
11/24/2015,66.5,45.7,61.1,42.1,0.181,0.181,10.3,27.5
11/25/2015,54,41,48.9,36.3,0.047,0.047,5.7,14.1
11/26/2015,53.8,36.7,47.4,31.5,0,0,7.1,13.2
11/27/2015,56.3,36.6,49.8,31.1,0,0,6,13.4
11/28/2015,57.3,36.1,51.7,30,0,0,5.4,10.5
11/29/2015,58.4,35.6,52.7,30.2,0,0,5.5,10.3
11/30/2015,58.2,34,51.3,28.5,0,0,4.7,12.5
12/1/2015,57.5,35.3,52.4,29.9,0,0,4.3,11.9
12/2/2015,61.6,37.7,56.7,32.1,0,0,4.5,8.9
12/3/2015,72.2,40.7,65.2,35,0.067,0.067,11.1,17
12/4/2015,62.2,45,55.8,40.7,0,0,10.1,22.4
12/5/2015,61,38.9,57.7,35.2,0,0,4.4,10.3
12/6/2015,68.3,40.7,63.8,35.4,0,0,5.2,12.8
12/7/2015,66.6,46.3,62.5,41.8,0,0,5.2,14.3
12/8/2015,60.1,45.1,58,42.5,0,0,4.8,13.2
12/9/2015,60.6,45,59,41.1,0,0,4.6,10.5
12/10/2015,58.3,44.6,55.8,40.5,0.177,0.177,7.3,15.2
12/11/2015,54.5,43.7,48.9,39.6,0.264,0.264,9.8,20.8
12/12/2015,55.6,41.8,50.7,37.3,0,0,5.4,14.3
12/13/2015,52.2,37.6,46.3,32.7,0.268,0.268,10.8,21.3
12/14/2015,52.3,34.9,43.8,29.1,0,0,11.2,22.4
12/15/2015,50.8,34.7,45,28.8,0,0,4.8,11.6
12/16/2015,51.6,33.1,46.1,26.8,0,0,5,8.9
12/17/2015,52.8,34.4,48.1,28.8,0,0,3.3,10.1
12/18/2015,59.5,33.1,55.4,27.4,0,0,4.8,8.5
12/19/2015,49.3,35.5,47,30.1,0.252,0.252,4.2,9.8
12/20/2015,53.5,36.5,48.7,31,0,0,5.7,11.4
12/21/2015,52.9,45.9,48.8,39.5,0.213,0.213,8.2,15
12/22/2015,61.4,51.1,61.2,47.7,0.673,0.673,7.8,17.9
12/23/2015,56,43.9,48.5,37.8,0,0,12.3,27.5
12/24/2015,50.4,36.1,44.6,31.5,0.22,0.22,7.8,15.2
12/25/2015,49.6,31.4,43.5,25.5,0,0,7.9,15
12/26/2015,49.1,31.4,43.6,25.2,0,0,5.2,12.1
12/27/2015,51.9,29.1,46.5,22.3,0,0,4.8,12.1
12/28/2015,47.3,34.7,40,28.8,0.031,0.031,8.1,18.3
12/29/2015,48.7,30.7,44.4,25.5,0,0,3.5,9.4
12/30/2015,51.1,31.4,45.9,26,0,0,4.5,11.9
12/31/2015,52.9,31.6,47.6,26,0,0,5.2,10.3
1/1/2016,54.9,33.3,49,27.7,0,0,4.1,11
1/2/2016,57.5,39,51.8,33.7,0,0,3.9,10.5
1/3/2016,60.9,37.6,56.7,32.6,0,0,5,8.7
1/4/2016,54.7,38.9,50.9,34.8,0.098,0.098,6.7,12.3
1/5/2016,55.5,43,52.8,39.6,0.898,0.898,11.3,29.1
1/6/2016,51.6,42.6,47.2,37.8,0.437,0.437,11.8,24.6
1/7/2016,53.2,39.9,48.6,35.1,0.035,0.035,9.2,17.4
1/8/2016,51.8,38.1,48.4,33.7,0,0,4.8,12.5
1/9/2016,53.1,41.1,50.1,37.1,0.075,0.075,5.6,11.2
1/10/2016,56.8,45.3,54.9,41.4,0.043,0.043,5.2,8.9
1/11/2016,59.5,39.7,56.7,35.1,0,0,4.5,8.9
1/12/2016,60.3,36.7,56.5,31.2,0,0,6.4,14.8
1/13/2016,62.6,42.9,61,36.8,0.142,0.142,8.9,17
1/14/2016,56.5,40.9,53.5,36.4,0.039,0.039,6.7,13
1/15/2016,59.7,44.5,56.6,40.9,0.122,0.122,6.5,18.6
1/16/2016,60.6,45.3,59.9,42,0.035,0.035,4.7,11.4
1/17/2016,63,41.2,61.2,36.8,0,0,7.2,13.2
1/18/2016,61.2,49.3,60.7,46.9,0.398,0.398,6.7,15.4
1/19/2016,55.6,47,54.4,44.6,1.016,1.016,10.2,27.3
1/20/2016,59.7,45.6,59.1,43.2,0,0,5.6,11.4
1/21/2016,64.6,42.4,62.2,39.7,0,0,4.5,11.9
1/22/2016,58,46.4,55.7,41.9,0.091,0.091,8.4,15.4
1/23/2016,58.3,46.6,54.1,42.8,0.425,0.425,8.7,19.7
1/24/2016,57.1,42,53.6,37.6,0,0,7.6,19.5
1/25/2016,58.1,41.9,55.5,38.1,0,0,4.8,12.8
1/26/2016,60.9,38.3,59.3,34.2,0,0,3.8,9.8
1/27/2016,60.3,42.1,58.4,38.9,0,0,4.1,9.6
1/28/2016,59.2,37.8,55.2,34,0,0,7.7,15.7
1/29/2016,63.6,44,62.9,41.3,0,0,3.6,11.4
1/30/2016,55.6,48.7,51.8,46.3,0.154,0.154,7.3,15.7
1/31/2016,51.2,42.4,49,33.6,0.776,0.776,16.5,32.4
2/1/2016,53.5,36.6,45.4,29.6,0,0,11.7,25.1
2/2/2016,48.3,31.4,43,25.3,0,0,5.2,10.7
2/3/2016,54.2,33.1,49.7,27.9,0,0,4.9,12.8
2/4/2016,56.7,33.9,53.2,29.1,0,0,5.3,14.3
2/5/2016,61.8,39,59.7,35.1,0,0,5.7,9.6
2/6/2016,62.3,36.8,59.3,32,0,0,5.2,13.4
2/7/2016,65.5,39.1,63.8,34.5,0,0,5.4,10.1
2/8/2016,69.1,40.6,68.2,35.5,0,0,5.6,11.9
2/9/2016,72.2,41.2,71.9,36.5,0,0,5.3,8.1
2/10/2016,70.4,44.6,69.5,41.2,0,0,5.2,12.5
2/11/2016,71.7,43.9,72,40.7,0,0,4.1,8.5
2/12/2016,68.5,44.3,66.5,41.9,0,0,6.2,13.9
2/13/2016,67.3,47.6,66.1,46.3,0,0,6,16.1
2/14/2016,65.2,48.9,63.6,47.2,0,0,4,12.5
2/15/2016,71.5,46.4,72,43.5,0,0,5.4,11.6
2/16/2016,74.7,47.6,75.1,45.9,0,0,5.6,10.7
2/17/2016,65.5,53.5,62.6,50.4,0.035,0.035,12.8,29.3
2/18/2016,61.9,47.1,58.5,44,0.331,0.331,12,29.3
2/19/2016,64.6,42,60.7,38,0,0,7.9,17
2/20/2016,62.9,42.9,60.9,39.1,0,0,5.5,14.5
2/21/2016,64.6,42.3,62.2,38.6,0,0,7.2,15.4
2/22/2016,66.1,44,63.2,40,0,0,6.1,16.6
2/23/2016,70.6,41.9,68.2,37.9,0,0,4.3,11.6
2/24/2016,73.8,44.2,71.8,40.5,0,0,6.1,11.6
2/25/2016,73.7,44.8,72.8,41.9,0,0,5.5,10.3
2/26/2016,76.7,46.1,75.8,43.1,0,0,7.3,17.9
2/27/2016,71.5,51,69.4,48.2,0,0,8.5,16.1
2/28/2016,66.5,49.2,63.4,46.5,0,0,8.1,15.2
2/29/2016,71.2,47.5,69.1,45.2,0,0,6.2,14.1
3/1/2016,78.2,47.3,76.6,44.6,0,0,5.5,11.2
3/2/2016,76.4,49.9,73.8,47.8,0,0,4.9,12.1
3/3/2016,72.1,48.9,69.8,47.1,0,0,7.5,15.4
3/4/2016,72.8,49.9,70.9,47.9,0.079,0.079,6.1,14.1
3/5/2016,62.8,56.8,62.2,52.9,0.902,0.902,13.1,33.3
3/6/2016,61.4,50,59.6,46.5,0.677,0.677,11.7,33.1
3/7/2016,55.4,45.7,53.8,42.1,0.732,0.732,11.5,24.4
3/8/2016,61.1,43.9,58.3,40.4,0,0,6.8,18.3
3/9/2016,66.4,42.6,65.4,39.2,0,0,4.6,13.2
3/10/2016,75.5,47.5,74.1,44.2,0,0,7.8,13.9
3/11/2016,60.2,47.8,56.7,45.5,0.591,0.591,6.6,18.8
3/12/2016,61.2,49.3,58.4,46.7,0.051,0.051,4.4,12.5
3/13/2016,59.4,50.2,57.2,47,0.291,0.291,8.1,15.9
3/14/2016,64.1,49,60.1,44.5,0.016,0.016,12.7,28.9
3/15/2016,65.2,43.2,62.8,39.6,0,0,7.9,19.2
3/16/2016,69.2,48.4,68.8,44.4,0,0,5.5,14.3
3/17/2016,74.5,48.4,76.5,46.5,0,0,5.3,10.7
3/18/2016,75.1,49.5,75.9,47.7,0,0,5.7,15.7
3/19/2016,74.4,49.8,76.1,47.7,0,0,4.8,11.6
3/20/2016,74.9,51.5,77.9,49.8,0,0,6.1,11.9
3/21/2016,64.3,55.1,61.6,52.1,0.031,0.031,6.5,16.1
3/22/2016,62.1,48,54.9,43.2,0.008,0.008,14.8,29.5
3/23/2016,65.5,46.9,63.7,43,0,0,6,16.1
3/24/2016,70.7,47.8,68.7,44.1,0,0,8.2,19.9
3/25/2016,70.7,50.8,69.2,48.8,0,0,9.2,19.9
3/26/2016,72.9,52.6,72.3,50.6,0,0,6,15
3/27/2016,76.3,47.6,77.1,44.8,0,0,9.6,20.4
3/28/2016,59.1,48.1,52.7,43.8,0.043,0.043,11.8,27.7
3/29/2016,62.5,41.8,60.9,36.9,0,0,6.5,14.5
3/30/2016,68,42.5,64.9,37.3,0,0,5.2,17
3/31/2016,71.4,48.7,69.6,45.8,0,0,7,17.2
4/1/2016,76.1,49.3,75.8,46.8,0,0,5.7,12.8
4/2/2016,82.1,50.7,82.8,49.4,0,0,5,11.2
4/3/2016,82.6,54.3,84.2,53.1,0,0,7.9,18.1
4/4/2016,81.9,55.9,78.9,51.8,0,0,11.3,23.7
4/5/2016,83.2,52.9,81.9,49.8,0,0,5.7,16.6
4/6/2016,91.9,53.6,91.5,50.4,0,0,5.2,16.3
4/7/2016,84.6,61.3,83,59.8,0,0,5.5,17.2
4/8/2016,77.5,59.1,77,58.5,0.224,0.224,4.9,18.6
4/9/2016,64.3,57.6,63.5,56.4,1.106,1.106,9.5,15.7
4/10/2016,67.3,54,66,53.7,0,0,7,15
4/11/2016,70.9,53.2,69.9,51.4,0,0,5.3,10.5
4/12/2016,71.9,52.8,70.3,51,0,0,8.8,21.5
4/13/2016,71.2,51.8,70,48.5,0,0,9.5,22.4
4/14/2016,69.3,50,63.6,44.4,0,0,14.7,30.4
4/15/2016,71.9,48.6,66.5,42.3,0,0,13.2,31.3
4/16/2016,78,46.1,77.6,41.4,0,0,5.7,13.6
4/17/2016,87.1,49.7,85.9,46.2,0,0,5.7,14.3
4/18/2016,88.8,56.5,89.3,53.8,0,0,5.4,13
4/19/2016,90.1,57.7,90.3,56,0,0,3.8,11.2
4/20/2016,87.1,59.8,84.6,56.4,0,0,5.6,13.4
4/21/2016,86.5,56.3,84,53.7,0,0,7.1,21.7
4/22/2016,75.4,53.4,71.2,51.3,0.299,0.299,13.1,31.3
4/23/2016,71.5,50.1,68.4,45.9,0,0,9.8,22.8
4/24/2016,73.6,52.2,71.2,48.3,0,0,11.5,25.7
4/25/2016,66.4,50.3,59.4,44,0,0,12.7,29.8
4/26/2016,72.7,50.2,68.9,45.6,0,0,9,19.5
4/27/2016,72.6,52,72,46.3,0.055,0.055,10.4,29.1
4/28/2016,72.9,49.1,68.8,46.3,0,0,7.1,18.6
4/29/2016,79,50.2,77.5,48,0,0,8.6,19.9
4/30/2016,79.6,55.1,77.1,51,0,0,9.6,19.5
5/1/2016,84.8,52.5,85.5,49.5,0.012,0.012,7.1,15.2
5/2/2016,87,62.6,87.2,59.3,0,0,5.6,11.9
5/3/2016,87.2,59.5,85.7,57.9,0,0,5.2,11.4
5/4/2016,83.7,63.3,82.9,63.6,0,0,7.5,15.7
5/5/2016,72.6,57.7,70.7,58.1,0.35,0.35,6.7,16.6
5/6/2016,70.7,55.7,69,56.4,0.079,0.079,6.6,16.6
5/7/2016,70.5,57,67.8,57,0,0,6.5,15.7
5/8/2016,73,54.2,70.8,52.8,0,0,6,13.2
5/9/2016,82.5,57.3,84.1,56.4,0,0,7.7,17.4
5/10/2016,85.4,58.1,85.5,57.6,0,0,7.3,18.6
5/11/2016,91.2,60.1,92.6,60.3,0,0,6.7,16.6
5/12/2016,96.4,63.6,97.8,63.1,0,0,7.1,14.1
5/13/2016,93.4,64.2,94.9,64.4,0.008,0.008,13.6,29.1
5/14/2016,82.6,58.7,78.4,53.7,0,0,11.8,25.7
5/15/2016,82.6,58.2,79.9,55.3,0,0,11.3,26.4
5/16/2016,85.7,58.8,82.9,56.3,0,0,9.6,23.5
5/17/2016,90.4,62.9,90.6,61.5,0,0,5.8,16.3
5/18/2016,95.2,63.8,93.8,61.5,0,0,7.3,18.1
5/19/2016,93.2,63.7,92.7,57,0,0,15.9,32.4
5/20/2016,74.9,56,69.5,49.4,0,0,13.5,28
5/21/2016,74.1,51.2,70.8,46.6,0,0,13.3,30.9
5/22/2016,77.3,52.7,75,47.9,0,0,11,22.6
5/23/2016,78.7,54.4,75.7,49.9,0,0,10.7,24.2
5/24/2016,77.1,56.1,75.8,52.9,0.028,0.028,9.6,19.7
5/25/2016,80.1,56.2,77.9,52.6,0.004,0.004,9.5,24.2
5/26/2016,84.2,57.8,84.1,55.2,0,0,7.7,21
5/27/2016,90.3,60.8,89.3,60.2,0,0,8.1,19
5/28/2016,92.5,64.2,91.7,62.8,0,0,5.9,15.7
5/29/2016,95.4,68.7,94.2,67,0,0,9.3,18.1
5/30/2016,97.8,66.1,95,64.4,0,0,9.4,19.2
5/31/2016,101.6,70.5,100.5,69.4,0,0,6.8,17
6/1/2016,104,69.7,102.5,69,0,0,6.6,19.5
6/2/2016,103.3,70,101.7,68.3,0,0,7.8,19.7
6/3/2016,104.2,71.2,101.6,69.8,0,0,6.5,16.1
6/4/2016,106.7,72.3,106.1,70.1,0,0,5.5,18.1
6/5/2016,103.2,71.2,102.1,69.8,0,0,9.6,23.3
6/6/2016,102.2,71.2,100.4,68.7,0,0,8.2,20.4
6/7/2016,101.2,72.7,100.1,71.9,0,0,10.1,22.6
6/8/2016,97.2,68.8,94.7,66.6,0,0,10.8,23.3
6/9/2016,93.6,65.3,91.4,62.3,0,0,10,21
6/10/2016,89.9,67.7,85.2,64.3,0,0,10.1,22.6
6/11/2016,88.2,65.5,83.8,61.2,0.004,0.004,8.1,17.7
6/12/2016,88.7,66.1,87.1,66.1,0.008,0.008,6.7,15.4
6/13/2016,93.8,70.1,93.6,64.7,0,0,11.9,23.9
6/14/2016,87,61.5,82.3,57,0,0,13.6,25.9
6/15/2016,80.1,56.7,76,50.9,0,0,11.8,27.3
6/16/2016,84.3,56.5,81.9,51.5,0,0,11.4,23
6/17/2016,89.8,62.2,89.9,60,0,0,8.1,15
6/18/2016,91.3,64.4,89.8,61.8,0,0,9.3,21.3
6/19/2016,99.7,67.1,97.6,63.8,0,0,7.9,16.8
6/20/2016,103.2,72.2,100.4,69,0,0,10.7,23
6/21/2016,105.3,72,101.3,67.5,0,0,8.2,19.7
6/22/2016,103.4,72.9,99,68.9,0,0,10.4,23.9
6/23/2016,100.3,69.1,94.4,64.5,0,0,11,24.8
6/24/2016,96.4,68.6,92.4,65.9,0,0,12.3,25.9
6/25/2016,101.1,69.3,98.7,67.2,0,0,7.6,20.4
6/26/2016,105.3,70.2,102.9,67.5,0,0,9.5,21
6/27/2016,107.2,71.9,103.6,68.6,0,0,10.1,23.7
6/28/2016,106.8,75.6,104.9,73.2,0,0,9.6,19.2
6/29/2016,106,76.5,103.2,75.2,0,0,9.5,20.8
6/30/2016,102.7,70.5,101.5,69,0,0,7,17.4
7/1/2016,104.6,74.7,106.5,74.3,0,0,6.7,15.7
7/2/2016,102.7,77.9,103.7,77.5,0,0,7.9,18.3
7/3/2016,102.4,73.9,101.9,73.4,0,0,8.5,20.4
7/4/2016,100.8,72.5,97.9,72,0,0,9.8,22.4
7/5/2016,99.2,71.6,97.2,70,0,0,8.9,20.6
7/6/2016,97,68.3,94.4,66.3,0,0,11.9,22.6
7/7/2016,95.2,67.5,93.3,65.3,0,0,9.7,20.4
7/8/2016,95.4,67.3,93.9,64.8,0,0,10.5,20.4
7/9/2016,96.1,70,94,68.1,0,0,12.4,29.3
7/10/2016,90.9,65.2,85.6,60,0,0,12.7,26.8
7/11/2016,95,65,92.4,62.8,0,0,8,19.7
7/12/2016,97.1,67.7,92.5,65.3,0,0,9.9,23.3
7/13/2016,101,68.1,99.3,65.5,0,0,7.3,18.8
7/14/2016,105.3,72.2,103.2,70.8,0,0,8.1,17.2
7/15/2016,104.7,73.6,103.7,71.7,0,0,7.2,17.2
7/16/2016,102.4,77,102.7,76.1,0,0,7,16.8
7/17/2016,100.6,72.7,101.5,72.1,0,0,9.9,19.9
7/18/2016,95.8,67.3,94.2,65,0,0,10,19
7/19/2016,96.8,67.4,95.1,65.5,0,0,8.7,19.5
7/20/2016,99.7,69.1,98.3,66.3,0,0,7.9,18.8
7/21/2016,101.4,71.2,98.7,68.2,0,0,10.1,23.5
7/22/2016,101.9,69.4,97.1,66,0,0,11.2,24.8
7/23/2016,104,69.8,100.1,66.8,0,0,9.2,22.8
7/24/2016,106.5,72,105.3,69.5,0,0,4.9,14.3
7/25/2016,106.1,77.2,106.3,75.9,0,0,6,14.3
7/26/2016,108,76.1,107.9,75.1,0,0,6,17.9
7/27/2016,110.5,77.1,108.5,74.8,0,0,8.7,20.1
7/28/2016,108.5,80,108,77.2,0,0,9,19
7/29/2016,110.3,79.6,110,77.8,0,0,7.4,17.9
7/30/2016,109.6,79.1,109,78,0,0,7,16.6
7/31/2016,105.1,78.9,105.9,78,0,0,8.1,16.3
8/1/2016,103.3,76,104.3,75.8,0,0,8.1,18.8
8/2/2016,102.3,74.6,102.1,73.8,0,0,9.2,22.4
8/3/2016,103.8,72.7,100.6,71.8,0,0,7.9,21.3
8/4/2016,99.8,71.5,97.3,69.5,0,0,9.2,18.1
8/5/2016,95.4,65.9,94.7,64.2,0,0,9,19.9
8/6/2016,97.3,67.3,95.8,66.9,0,0,10.6,20.4
8/7/2016,96.9,67.1,93.1,64.3,0,0,9.3,21.9
8/8/2016,98.5,67.1,95.8,65.1,0,0,8.9,17.2
8/9/2016,97.2,68.2,97,66.7,0,0,7.3,15
8/10/2016,98.4,72.7,98.5,72.5,0,0,5.2,15.9
8/11/2016,99.9,70.1,99.7,69.4,0,0,6.7,17.7
8/12/2016,102.8,71.3,102.5,70.9,0,0,7.6,19.5
8/13/2016,105.2,72.9,103.4,71.4,0,0,8.4,18.8
8/14/2016,107,75.4,106.6,73.9,0,0,7,15.4
8/15/2016,102.4,75,103.5,73.4,0,0,8.5,16.3
8/16/2016,102.4,72.8,102.4,72.4,0,0,7,17.7
8/17/2016,103.8,73.3,103.9,72.8,0,0,5.6,14.8
8/18/2016,104.1,75.8,105,75.4,0,0,5.9,17.9
8/19/2016,102.2,74.3,103.2,74.8,0,0,6.4,17.4
8/20/2016,100.8,73.6,100.7,73.5,0,0,6.8,20.8
8/21/2016,99.5,73.4,97.7,71.9,0,0,10.1,20.4
8/22/2016,98,71.8,97.7,70.4,0,0,9.1,21.7
8/23/2016,98.3,71.6,95.5,70.7,0,0,8.1,21.7
8/24/2016,98.4,69.6,96.3,69.1,0,0,7.4,21
8/25/2016,97.3,67.3,94.8,65.5,0,0,6.6,17.4
8/26/2016,94.8,67.9,95.1,67.7,0,0,9.1,20.1
8/27/2016,92.5,66.8,91.9,67,0,0,7.7,17.4
8/28/2016,96.1,67.9,95,67.5,0,0,8.5,19.9
8/29/2016,97.9,67,95.2,67.7,0,0,8.7,21.3
8/30/2016,97.7,67.9,94.4,66.6,0,0,9.9,21.5
8/31/2016,95.8,68.8,95.3,67.4,0,0,10.6,21.7
9/1/2016,94.8,66.4,93.5,64.9,0,0,10.4,20.8
9/2/2016,95.3,66.2,94.2,65,0,0,8.8,19
9/3/2016,92.1,67.4,90.7,64,0,0,13.1,26.6
9/4/2016,84.4,59.7,81,57.1,0,0,8.3,20.6
9/5/2016,87.6,60.9,86.3,59.5,0,0,8.2,20.6
9/6/2016,94.8,65.5,92.5,63.6,0,0,6.8,19.5
9/7/2016,98,65,95.9,62.2,0,0,5.8,13.9
9/8/2016,97.3,68.2,94.7,66.4,0,0,8.4,21.7
9/9/2016,97.1,66.6,95.5,66.2,0,0,6.8,17.4
9/10/2016,98.5,68.6,96.8,67.9,0,0,6.5,15.7
9/11/2016,95.9,69.6,94.5,68.3,0,0,8.1,19.2
9/12/2016,90.6,65.7,89.9,59.9,0,0,11.1,22.8
9/13/2016,77.6,56.4,73.7,53.8,0,0,8.7,19.5
9/14/2016,83.7,60.7,81.2,57.2,0,0,5.9,16.3
9/15/2016,89.3,60.8,86.8,59,0,0,7.1,18.1
9/16/2016,92.8,62,89.1,60.2,0,0,6.8,19.5
9/17/2016,97.7,64.6,94.9,62.3,0,0,5.9,18.1
9/18/2016,101.1,66.3,98.3,63,0,0,5.8,13.4
9/19/2016,105.3,70,102.2,65.5,0,0,7,14.5
9/20/2016,97.6,71.4,96.9,70.4,0,0,6.6,15
9/21/2016,91.2,66.7,86.7,58,0,0,13,27.1
9/22/2016,75.8,56.9,70.1,51.5,0,0,12.7,26.6
9/23/2016,81.3,60.2,77.4,56.5,0,0,6.7,18.8
9/24/2016,87.2,56.8,85.2,52.6,0,0,4.9,12.5
9/25/2016,97.7,59.5,94.4,56.7,0,0,5.6,15.2
9/26/2016,100.4,63.7,96.6,58.7,0,0,5.7,15.7
9/27/2016,100.3,63.7,96.3,59.1,0,0,4.8,15.2
9/28/2016,99.9,68.1,96.5,62.6,0,0,7,14.3
9/29/2016,96,71.2,94.1,68.9,0,0,5.8,14.1
9/30/2016,90.9,64.6,88.8,59.4,0,0,12.9,25.3
10/1/2016,79.9,58.3,74.5,53.1,0,0,11.1,23
10/2/2016,74.5,57,68.6,52.5,0,0,12,24.8
10/3/2016,68.8,54.7,65,51.6,0,0,10,21.5
10/4/2016,75.6,52.3,71.8,48.4,0,0,9.1,23.3
10/5/2016,77.1,53.4,70.6,50.8,0,0,9.6,23.9
10/6/2016,80.8,54.3,76.8,49.8,0,0,5.2,16.3
10/7/2016,86.4,55.6,81.2,51.8,0,0,5.5,14.8
10/8/2016,91.2,59.3,87.3,55.3,0,0,4.4,12.8
10/9/2016,93.4,61.5,88.6,55.8,0,0,5.3,11.9
10/10/2016,90.4,59.5,86.6,55.5,0,0,5,15
10/11/2016,83.3,57.9,80.4,55.3,0,0,7.3,17.2
10/12/2016,81.7,57.5,78.5,55.5,0,0,6.2,18.1
10/13/2016,81.7,57.8,79,56.4,0,0,5,13.9
10/14/2016,84.8,61.5,82.1,59.1,0.004,0.004,7.6,17
10/15/2016,81.9,66.8,79.2,66.5,0,0,9.6,23.5
10/16/2016,78.7,65.2,75.6,65.6,0.075,0.075,11,29.3
10/17/2016,74.7,60.2,68.8,56.7,0.031,0.031,9.8,23.5
10/18/2016,74.4,54.7,67.5,51.4,0,0,12.2,27.3
10/19/2016,77.2,53.3,72.6,48.2,0,0,6,15.9
10/20/2016,83.3,55.2,78.7,51.5,0,0,5.6,16.6
10/21/2016,86.4,57.4,82.9,55,0,0,6.2,12.3
10/22/2016,87.5,57.6,83.9,55.6,0,0,5.5,11.2
10/23/2016,87.8,60.7,81.6,59.2,0,0,6.6,17
10/24/2016,78.3,61.1,74.5,58.8,0.004,0.004,7.3,18.6
10/25/2016,80.7,56,78.2,53.5,0,0,5,15.4
10/26/2016,85.2,57.6,82.1,55.3,0,0,3.6,11.2
10/27/2016,78.1,59.4,76.7,56.2,0.055,0.055,7.2,17.9
10/28/2016,71.1,61.2,72.6,63.2,0.827,0.827,6.6,16.1
10/29/2016,76.9,58.2,77,59.5,0,0,4.7,13.9
10/30/2016,70.7,56.3,67.7,55.8,0.504,0.504,8.9,23
10/31/2016,68,54.2,65.5,53.1,0,0,6,16.3
11/1/2016,67.3,53.6,63.9,51.8,0,0,8.4,18.6
11/2/2016,71.8,50.7,70.3,49.2,0,0,5.7,9.6
11/3/2016,75.1,48.6,73,46.2,0,0,5.1,10.3
11/4/2016,78,53.6,76.8,52.7,0,0,5.5,9.6
11/5/2016,78.1,51.4,75.5,49.8,0,0,6.5,10.3
11/6/2016,71.2,52.7,69.8,51.2,0,0,5.7,13.2
11/7/2016,75,55.4,75,55.3,0,0,4.8,12.3
11/8/2016,80.7,54.7,79.1,54.5,0,0,5.1,11.6
11/9/2016,81.6,53,80,53.1,0,0,5.1,9.8
11/10/2016,84,55.9,82.1,55.8,0,0,5.2,9.4
11/11/2016,85.7,53.9,81.6,51.2,0,0,5.7,14.5
11/12/2016,80,56.5,76.2,54.1,0,0,5.9,13.2
11/13/2016,78.1,53.6,75.8,52.4,0,0,5.5,9.8
11/14/2016,78.8,52.5,75.4,50.3,0,0,4.4,9.6
11/15/2016,74.6,49.3,70.7,46.7,0,0,8.7,18.3
11/16/2016,63.3,50.2,57.4,44.4,0,0,13.3,29.5
11/17/2016,62,44.4,56.1,40.1,0,0,6.1,15.4
11/18/2016,71.2,41.2,63.7,35.9,0,0,6.2,14.3
11/19/2016,75.4,46.1,68.4,39.7,0,0,7.4,17.9
11/20/2016,65.4,45.1,61.5,40.2,0.354,0.354,6.8,17
11/21/2016,62.1,50.9,57.6,48.6,0.276,0.276,8.7,19.9
11/22/2016,62.6,46.6,60.3,44.6,0,0,4,12.5
11/23/2016,62,45.4,54.4,41,0.031,0.031,11.6,25.1
11/24/2016,62.1,43,59.3,38.8,0,0,5,15.7
11/25/2016,64.8,38.9,60.8,34.4,0,0,4.3,11
11/26/2016,61.6,40.7,58,34.2,0.386,0.386,8.8,18.8
11/27/2016,56.7,43.6,50.5,39.4,0.413,0.413,10.1,21.7
11/28/2016,51.5,44.8,47.5,40.9,0.004,0.004,10.2,20.1
11/29/2016,55.6,44.7,52.4,40.7,0,0,4.5,10.3
11/30/2016,57.5,38.5,54.6,33.9,0,0,5.5,12.3
12/1/2016,56.3,43.1,52.1,38.4,0,0,6.2,15.4
12/2/2016,54.9,38.6,49.9,34,0,0,4.4,11.2
12/3/2016,56.2,35.9,51.8,30.2,0,0,4.2,10.5
12/4/2016,61,37.9,56.5,33,0,0,4.6,11.6
12/5/2016,55.9,40.8,52.1,36.2,0,0,6.1,14.1
12/6/2016,55.5,39.2,49.9,35.7,0,0,7.4,18.3
12/7/2016,51.5,39.5,46.4,34.9,0.039,0.039,5.4,10.1
12/8/2016,54.4,44.1,52.1,39.6,0.173,0.173,6.5,13.2
12/9/2016,63.6,51.9,64.2,49.6,0.004,0.004,4.9,10.7
12/10/2016,65.1,52.4,65.8,51.2,0.394,0.394,5.2,12.5
12/11/2016,62.9,50.4,59.7,46.8,0.024,0.024,7.2,16.8
12/12/2016,59.2,46,55.1,43.1,0,0,6.2,13.4
12/13/2016,62.5,46.8,59.7,43.4,0,0,3.5,10.7
12/14/2016,67.6,44.7,64.9,40.9,0,0,4.5,8.9
12/15/2016,57.7,51.7,56.7,49,1.189,1.189,10.6,20.6
12/16/2016,56.9,42.4,55.7,36.7,0.681,0.681,14.6,26.4
12/17/2016,49.5,36.7,44.4,31.3,0,0,6.1,12.3
12/18/2016,49.4,32.9,44.1,26.7,0,0,6,15.4
12/19/2016,52.2,34,48,28.7,0,0,4.5,12.5
12/20/2016,53.5,32.9,49.4,27.7,0,0,4.4,10.5
12/21/2016,57.3,34.5,53.8,29.7,0,0,5.2,9.4
12/22/2016,58.1,36.7,55.2,32.1,0,0,5.1,9.8
12/23/2016,50.8,39,47.5,33.8,0.827,0.827,10.6,19
12/24/2016,50.4,37.6,43.6,32.6,0.039,0.039,11.4,22.8
12/25/2016,47.9,35.6,42.8,29.5,0,0,5.7,13.2
12/26/2016,52.8,34.5,46.7,28.8,0,0,6,15
12/27/2016,52.9,33.9,48.2,29.3,0,0,4.8,12.1
12/28/2016,54.5,33.4,50.6,28.9,0,0,4.5,11.2
12/29/2016,60.4,32.8,56.8,28.3,0,0,4.8,10.5
12/30/2016,52.8,39.5,49.2,36.3,0.055,0.055,5,9.4
12/31/2016,47.5,40.2,45.7,36.1,0.402,0.402,8,18.3
1/1/2017,48.8,40.9,44.9,36,0,0,6.3,13
1/2/2017,52.1,40.2,46.7,35.5,0.012,0.012,5.5,10.5
1/3/2017,53.5,40.6,49.3,35,0.161,0.161,13.8,24.4
1/4/2017,55.5,50.5,52.4,44.5,0.677,0.677,13.1,26.6
1/5/2017,55.3,35.6,52.5,29.5,0.083,0.083,13.2,22.6
1/6/2017,51.6,29.8,46.8,24.7,0,0,5.8,10.1
1/7/2017,57.4,45,55.2,37.8,0.898,0.898,10.2,26.2
1/8/2017,67.6,55.3,64.7,53,0.701,0.701,11.7,29.8
1/9/2017,60.2,52.9,57.3,49.1,0.248,0.248,11.8,29.3
1/10/2017,55,51.6,51,46.8,0.587,0.587,15.5,33.6
1/11/2017,56.9,48.5,53.8,45.4,0.457,0.457,10,31.8
1/12/2017,53.2,41,49.5,36.8,0.366,0.366,9.2,15.9
1/13/2017,53.6,37.9,48.1,32.4,0,0,9.5,18.3
1/14/2017,49.9,35.2,47.1,30.4,0,0,6.2,9.6
1/15/2017,47.3,34.3,43.9,29.3,0,0,6.6,12.1
1/16/2017,51.4,35.5,48.7,31,0,0,4.5,9.4
1/17/2017,57.5,31.5,54.4,25.5,0,0,5.9,11.4
1/18/2017,55.9,39.2,50.7,33.6,0.398,0.398,17,28.2
1/19/2017,55,45.7,51.3,42,0.374,0.374,11.5,25.3
1/20/2017,53.6,42.4,49.3,35.7,0.803,0.803,21,34.7
1/21/2017,54.8,39.5,49.3,34.6,0.15,0.15,10.1,18.1
1/22/2017,54.9,46.9,48.5,39.4,0.453,0.453,17.6,30.6
1/23/2017,50.2,37.2,46.1,31.4,0.106,0.106,10.8,17.9
1/24/2017,51.9,35.1,46.2,29,0.004,0.004,6.5,13
1/25/2017,51.4,33.2,47.6,27.5,0,0,5,9.4
1/26/2017,53.1,32.7,48.2,27.4,0,0,6,12.5
1/27/2017,55.8,33.4,52.5,27.4,0,0,6.2,8.5
1/28/2017,56.8,32.5,54.7,27,0,0,5.4,8.5
1/29/2017,56.8,31.9,53.8,25.9,0,0,7.2,10.5
1/30/2017,57.4,36.3,54.7,32.2,0,0,5.2,8.9
1/31/2017,61.4,34.9,59.6,30.7,0,0,6.6,10.1
2/1/2017,66,39.4,63.1,33.6,0,0,7,11.9
2/2/2017,62.8,47.8,60.4,44.3,0.098,0.098,8.9,17
2/3/2017,62.4,51,59.8,49.2,0.575,0.575,12.5,21.5
2/4/2017,61.7,46.3,59.1,42.9,0,0,6.5,11.4
2/5/2017,58.8,42.4,54,38.8,0.189,0.189,10.4,17.7
2/6/2017,60.4,51.6,57.4,46.8,0.504,0.504,12.1,20.4
2/7/2017,63.2,52.1,62.2,47.3,1.004,1.004,17.1,28.9
2/8/2017,70.3,56.4,71.2,55.6,0.016,0.016,9.7,17.2
2/9/2017,64,56.8,65.1,54.8,0.154,0.154,9.2,15.9
2/10/2017,60.8,54.1,60.8,51.6,1.157,1.157,11.9,19.9
2/11/2017,58.4,45.9,52.6,41.5,0,0,12.8,22.8
2/12/2017,61.6,40.6,60.1,36,0,0,6.9,10.7
2/13/2017,62,39.7,60.6,35.8,0,0,5,10.3
2/14/2017,64,42.1,64,38.6,0,0,5.7,9.2
2/15/2017,69.4,43.1,68.8,38.9,0,0,7.8,13.9
2/16/2017,59.4,50.5,56.1,47.5,0.118,0.118,9.6,15.7
2/17/2017,56.3,50.5,48.7,44,0.665,0.665,20.9,34.7
2/18/2017,60.4,47.3,58.5,43.8,0.012,0.012,12.1,19.5
2/19/2017,57.6,47.2,53.2,41,0.169,0.169,11.2,19.9
2/20/2017,64,51.6,59.8,46.6,0.437,0.437,14.6,27.7
2/21/2017,64.9,48.5,61.7,45.4,0.165,0.165,11.5,26.4
2/22/2017,55.9,43.2,47.8,35.4,0.035,0.035,15.2,26.2
2/23/2017,51.4,36.3,43.7,30.9,0.028,0.028,11.5,21.5
2/24/2017,53.5,32.5,49.5,26.4,0,0,5.9,10.5
2/25/2017,55.4,33.3,51.7,27.9,0,0,6.6,15.7
2/26/2017,56,34.7,52.7,28.4,0,0,6.2,10.3
2/27/2017,54.1,41.1,48.3,35,0.035,0.035,8.4,16.1
2/28/2017,56.5,36.5,52,30.8,0,0,7.9,16.1
3/1/2017,61,36.5,58.7,30.8,0,0,6.9,11
3/2/2017,64,37.8,61.5,33.3,0,0,7.3,11.4
3/3/2017,65.9,36.4,63.7,31.6,0,0,5.4,8.7
3/4/2017,64.3,42.3,64.5,36.9,0,0,6.9,12.1
3/5/2017,53.1,38.8,45.5,33.1,0.331,0.331,16.3,32.4
3/6/2017,56.3,34.5,52.3,28.5,0,0,6.7,13.4
3/7/2017,59.9,37.8,56.7,32.4,0,0,6.8,14.1
3/8/2017,62.4,39.8,61.3,35.7,0,0,6.9,14.3
3/9/2017,67.6,41.8,68,37.9,0,0,6.3,11
3/10/2017,67.4,48,68.3,45.7,0,0,6.2,13.4
3/11/2017,69.4,50.6,69.4,50.2,0,0,6.8,15.2
3/12/2017,70.7,49.2,73.2,46.8,0,0,6.5,12.5
3/13/2017,74.9,50.4,78.7,49.2,0,0,5.3,8.1
3/14/2017,80,47.8,81.2,43.9,0,0,5.8,7.8
3/15/2017,82.3,52.1,84.4,48,0,0,10.9,17.7
3/16/2017,71.8,52.6,72,50,0,0,8.9,15.4
3/17/2017,73.9,50.7,75.6,49,0,0,6.7,9.8
3/18/2017,75.6,52.7,76.1,50.7,0,0,8.5,16.8
3/19/2017,71.8,50.7,71.2,48.2,0,0,5.9,12.5
3/20/2017,70.5,55,67.8,54.5,0.008,0.008,8,13.9
3/21/2017,66.7,53.2,63.4,49.8,0.677,0.677,13,27.5
3/22/2017,59.6,50.1,56.3,43.6,0.26,0.26,11.5,18.3
3/23/2017,60.7,43.1,57.7,39.4,0,0,11.3,19.9
3/24/2017,62.5,44.2,60.5,40.3,0.028,0.028,10.8,26.6
3/25/2017,62.2,49.4,58.3,46.7,0.22,0.22,8.4,15.4
3/26/2017,60.9,46.3,57.6,43.3,0,0,7.1,15
3/27/2017,63.2,49.5,56.5,44.8,0.126,0.126,18.9,33.1
3/28/2017,65.8,41.8,66.4,37.3,0,0,7,15
3/29/2017,71.1,44.2,72,40.7,0,0,6.3,11.2
3/30/2017,64,51.8,54.6,42.2,0.012,0.012,22.2,37.8
3/31/2017,64.9,45.6,61.7,38.4,0,0,15,24.6
4/1/2017,72.2,44,73.8,39,0,0,6.5,11.2
4/2/2017,76.1,47.9,77.6,44.1,0,0,8.4,16.1
4/3/2017,72.4,50.4,68.8,48,0,0,11.9,22.8
4/4/2017,74.9,47.1,73.6,44.1,0,0,6.5,12.1
4/5/2017,81.5,50.2,81,47.1,0,0,7.2,14.1
4/6/2017,74.8,56.3,68.3,51.1,0,0,14.7,26.8
4/7/2017,62.4,53.7,59.2,46.3,0.626,0.626,15.9,28.2
4/8/2017,59.4,44.4,54.3,38.6,0.209,0.209,12.3,23.5
4/9/2017,62.9,38.9,61.2,33.4,0,0,6.3,13.6
4/10/2017,67.3,43.1,64,38.3,0,0,8.9,14.1
4/11/2017,71.5,47.4,68.4,43.9,0.012,0.012,8.1,14.3
4/12/2017,76.6,51.6,73.8,47.1,0,0,9.6,17.4
4/13/2017,61.2,50.4,60.1,42.3,0.311,0.311,13.3,21.3
4/14/2017,64.6,43.3,59.1,37,0,0,13.5,23.3
4/15/2017,69.5,41.6,68.9,37,0,0,6.2,12.5
4/16/2017,75.2,48.2,73.3,44.5,0.059,0.059,11.6,25.7
4/17/2017,71,55.6,72.1,52.9,0.067,0.067,10.6,16.8
4/18/2017,65.8,53.5,64.1,51.6,0.173,0.173,6.4,13.4
4/19/2017,70.9,51,71.1,48.2,0,0,9.6,18.6
4/20/2017,71.8,51.9,67.2,47.1,0,0,15.6,27.7
4/21/2017,74.8,47.8,75,44.3,0,0,6.5,13.4
4/22/2017,78.6,50.8,79.8,49.4,0,0,12,20.4
4/23/2017,73,54.6,69.9,48.7,0,0,12.3,22.6
4/24/2017,70.9,52.4,65,46.4,0,0,16.6,30.2
4/25/2017,72.7,51.6,67.1,44.7,0,0,14.6,26.4
4/26/2017,73.3,53.4,72.1,51.4,0,0,13.2,25.7
4/27/2017,75.7,55.4,70.2,51.1,0,0,18,31.5
4/28/2017,76.1,52.1,68.1,46.5,0,0,17.7,30.9
4/29/2017,78.9,48.5,78.4,44.5,0,0,5.8,12.5
4/30/2017,83.8,51.5,83.1,48.8,0,0,10.6,20.8
5/1/2017,86.9,57,88.1,56.1,0,0,9.6,18.8
5/2/2017,90.1,59.4,92.1,59,0,0,9.5,17.4
5/3/2017,94.6,62.5,97.6,63.5,0,0,5.9,10.7
5/4/2017,96.5,64,102.1,64.4,0.063,0.063,13.1,21
5/5/2017,85.1,61.3,82.5,53.1,0,0,15.8,26.8
5/6/2017,70.1,53.1,67.3,45.9,0.031,0.031,15,26.6
5/7/2017,70.7,50.4,67.9,44.9,0.055,0.055,11,19.7
5/8/2017,78.5,53.1,80.6,50,0,0,6.3,11.6
5/9/2017,85.6,57.5,87.4,56.4,0,0,6.8,11.4
5/10/2017,84.3,60.4,86.8,57.5,0,0,12.3,19.7
5/11/2017,82.4,57.6,83.4,54.1,0,0,14.7,24.2
5/12/2017,71.3,56.3,61.9,47.8,0,0,16.5,28
5/13/2017,73.4,49.7,67.8,42.2,0,0,15.2,26.2
5/14/2017,73.4,50.5,71.2,45,0,0,11.2,18.8
5/15/2017,71.9,52,66.5,47.3,0.008,0.008,10.7,19.5
5/16/2017,75,52.2,72.8,47.6,0,0,14.2,23
5/17/2017,77.1,55.1,70.5,49.6,0,0,13.6,26.2
5/18/2017,82.4,53,79.3,49.6,0,0,8.5,18.6
5/19/2017,88.6,56.8,87.8,53.5,0,0,6.7,12.5
5/20/2017,92.8,60,94.1,57.3,0,0,6.6,13
5/21/2017,96.3,63.4,96.7,61.8,0,0,6.5,11.6
5/22/2017,98.2,64,98.9,61.5,0,0,7.3,12.3
5/23/2017,100.8,68.5,101.7,67,0,0,10.6,17.2
5/24/2017,94.7,69.8,96.5,62.7,0,0,11.3,18.3
5/25/2017,83.1,61.1,84,55.6,0,0,11.1,21.3
5/26/2017,78.7,56.9,81,54.9,0,0,6.6,11.2
5/27/2017,83.4,57.5,84.9,55.2,0,0,8.4,16.1
5/28/2017,90.1,61,90.2,58.3,0,0,9.5,16.8
5/29/2017,92.5,64.1,91.6,61.1,0,0,12.8,22.1
5/30/2017,89.7,64.6,87.3,59.7,0,0,14.6,23.9
5/31/2017,75,62.1,75.6,55.7,0.035,0.035,13.2,21.5
6/1/2017,85.6,61.3,85.1,58.9,0,0,9.3,19.5
6/2/2017,92.4,63.7,92.7,62.2,0,0,9.3,16.1
6/3/2017,97.4,67.4,99.2,66,0,0,10.5,17.4
6/4/2017,95,67.9,92.1,62.6,0,0,11.5,21.5
6/5/2017,93.7,62.3,90.1,57.4,0,0,10.9,18.3
6/6/2017,96.5,64.6,96.5,61.9,0,0,10.5,18.1
6/7/2017,95,64.4,94.7,60.5,0,0,15.6,26.2
6/8/2017,86.7,63.1,85,60.5,0,0,12.4,23.7
6/9/2017,83,62.2,82.7,55.1,0,0,15,25.5
6/10/2017,79.8,57.9,76.1,51.2,0,0,14.4,23.9
6/11/2017,73.9,55.4,70.6,48.3,0,0,15.1,26.2
6/12/2017,77.2,52.3,72.9,48.8,0,0,14.1,25.7
6/13/2017,83.5,56.3,81.2,53,0,0,8.7,18.8
6/14/2017,91.8,62.2,90.1,60.9,0,0,8,16.8
6/15/2017,95.2,66.7,90.7,63.5,0,0,11.6,22.6
6/16/2017,97,68.5,99.2,67.6,0,0,8.5,14.8
6/17/2017,101.8,74.3,101.5,74.2,0,0,10.8,21.5
6/18/2017,104.5,77.6,109,76.9,0,0,6.9,13.6
6/19/2017,108.1,78.5,112.8,79.8,0,0,8.3,18.1
6/20/2017,109,79.2,111,82.3,0,0,9.8,15.9
6/21/2017,106,79.2,108.5,78.5,0,0,8.9,16.3
6/22/2017,108.3,78,112,82.3,0,0,9.5,16.1
6/23/2017,106.3,78.1,109.8,77.7,0,0,9.9,17.7
6/24/2017,102.7,75.5,105.7,73.4,0,0,9.1,16.1
6/25/2017,102.2,76.1,106.3,74.9,0,0,11.6,18.6
6/26/2017,97.9,71.1,98.1,67.4,0,0,11.3,18.3
6/27/2017,94.6,65.8,95.3,62.9,0,0,12.4,20.4
6/28/2017,94.6,65.7,93.3,63.1,0,0,10,19.7
6/29/2017,96.6,66.6,93.9,64.7,0,0,10.3,19.5
6/30/2017,96.9,66.6,96.1,63,0,0,11.1,20.4
7/1/2017,93.7,66.5,92.9,62.7,0,0,10,19.2
7/2/2017,96.4,66.2,97.3,66.1,0,0,9.7,15.7
7/3/2017,99,69.5,101,69.8,0,0,8,14.1
7/4/2017,102,69.9,103.9,69.2,0,0,9.4,15.7
7/5/2017,102.1,71.4,101.4,68.3,0,0,9.6,19
7/6/2017,103.6,73,101.9,70.7,0,0,10.3,21
7/7/2017,106.2,76.5,104.3,72.6,0,0,11.1,21.3
7/8/2017,106.4,75.4,106.3,73.3,0,0,11.4,20.4
7/9/2017,106.2,75.1,106.6,71.5,0,0,7.9,14.3
7/10/2017,105.3,75.7,106.9,75.3,0,0,8.7,15
7/11/2017,103.1,73.5,103.2,73.1,0,0,12.2,19.5
7/12/2017,100.6,72.6,101.5,70.3,0,0,9.8,15.9
7/13/2017,100.6,72.5,101.6,72.9,0,0,8.5,14.3
7/14/2017,102.3,73,103,72.5,0,0,9.3,16.3
7/15/2017,101.8,71.6,100.8,69.2,0,0,11.2,19.7
7/16/2017,103.2,75.7,100.8,75.7,0,0,10.2,20.6
7/17/2017,106.1,73.7,103,70.9,0,0,12.3,22.6
7/18/2017,101.1,74.7,97.2,69,0,0,12.8,23.3
7/19/2017,98.1,69.7,96.4,66.4,0,0,10.8,17.4
7/20/2017,96.4,67.8,94.3,64.6,0,0,9.1,17.4
7/21/2017,97,67.7,95,65.4,0,0,8.4,16.8
7/22/2017,100,69,99.3,67.5,0,0,6.7,14.8
7/23/2017,104.5,72.1,104.9,70.5,0,0,7.6,13.6
7/24/2017,99.9,73.9,100.4,73.5,0,0,10.1,16.6
7/25/2017,97.1,71.2,97.5,70.4,0,0,11.1,17.9
7/26/2017,99,70.7,99.2,70.4,0,0,9.8,17
7/27/2017,102.1,73,101.2,71.5,0,0,9.4,19
7/28/2017,104.2,72.4,102.7,70.5,0,0,9,15.9
7/29/2017,103.5,73.8,102.1,70.8,0,0,8.4,15.7
7/30/2017,102.8,72,102.3,71,0,0,9.6,17.4
7/31/2017,103.6,74.1,101.5,70.7,0,0,10.6,18.8
8/1/2017,104.5,76.6,105.8,73.4,0,0,6.7,15
8/2/2017,107.8,78.6,109.2,79.6,0,0,6.4,13.9
8/3/2017,102.8,83.5,98.5,82,0.016,0.016,11.2,18.3
8/4/2017,100,81.3,99.6,79.1,0,0,11.2,21.3
8/5/2017,100.4,79.3,99.9,78.8,0,0,9.7,20.1
8/6/2017,98.4,75.2,100.3,73.7,0,0,11.5,21
8/7/2017,97.1,72.1,97.7,68,0,0,9.8,16.8
8/8/2017,98.2,70.1,97.9,68.9,0,0,9.5,15.9
8/9/2017,98.2,70.2,99.3,69.6,0,0,10.9,17.9
8/10/2017,98.4,69.6,99.6,68.6,0,0,8.2,15.7
8/11/2017,100.3,69.9,99.1,69.7,0,0,9.7,18.3
8/12/2017,100.7,70.6,99.8,70.4,0,0,9.6,17
8/13/2017,99,69.4,96.5,67.3,0,0,10.3,18.1
8/14/2017,92.9,68.5,95.1,65.1,0,0,13.5,21.7
8/15/2017,87,64,89.2,62.3,0,0,10.9,19.7
8/16/2017,90.5,65.2,91.1,64.2,0,0,8.4,15.7
8/17/2017,96.7,70.4,99,69.8,0,0,9.9,17.9
8/18/2017,98.1,74.1,99.6,73.6,0,0,8.9,16.6
8/19/2017,99.4,74.6,103,75,0,0,10,17.2
8/20/2017,95.9,71.9,97.8,71.3,0,0,10,17.2
8/21/2017,94.6,73.4,95.5,72.3,0,0,12,20.8
8/22/2017,96.3,70.1,99.6,69.9,0,0,7.7,13
8/23/2017,97.3,71.5,98.3,70.7,0,0,10.6,18.1
8/24/2017,97.1,72.4,96.4,71.2,0,0,11.4,21.7
8/25/2017,101,70.2,99.2,69,0,0,9.8,18.8
8/26/2017,104,71.5,104.5,69.9,0,0,7.4,15.4
8/27/2017,104.3,74.1,106.5,75.3,0,0,5.8,10.7
8/28/2017,107.1,72.8,106.9,72.8,0,0,6.5,15.2
8/29/2017,106.2,77.2,107.9,79.3,0,0,10.6,16.8
8/30/2017,102.3,77,102,73.2,0,0,10.7,17.7
8/31/2017,101.8,70.9,101.3,67.4,0,0,7.8,13.9
9/1/2017,104.7,74,104.8,74.2,0,0,5.9,14.5
9/2/2017,108.7,76.7,113.3,78.7,0,0,6.1,12.3
9/3/2017,105.9,75.8,108,76.6,0,0,6.9,14.3
9/4/2017,100,79.5,105.3,82.6,0,0,11.8,19.2
9/5/2017,96.3,77.7,102.9,80.5,0,0,7.9,14.5
9/6/2017,96.5,76.7,101.2,77.3,0,0,10.1,16.3
9/7/2017,91.8,70.4,92.6,70.7,0,0,11.9,19.9
9/8/2017,91,66.7,93.5,68,0.008,0.008,10.9,19.2
9/9/2017,92.9,69.6,94.2,71.1,0,0,6.6,16.8
9/10/2017,98.8,70.3,98.1,71.9,0,0,9.7,17.4
9/11/2017,95.5,72.7,98.7,73,0.012,0.012,9,23.7
9/12/2017,94.2,72.1,93.7,75.5,0,0,9.6,15.9
9/13/2017,87.8,70.3,89,70.5,0,0,12.5,22.4
9/14/2017,82.3,66.9,82.1,63.5,0,0,10.1,19.5
9/15/2017,83.2,62.2,81.3,60.3,0,0,8.8,16.3
9/16/2017,87.1,62.4,87.1,62.7,0,0,8,15.2
9/17/2017,90.1,64.3,86.7,61.7,0,0,9.5,16.6
9/18/2017,86.7,61.5,84.7,59.3,0,0,13.9,22.6
9/19/2017,79.7,60.2,74.3,55.3,0,0,13.4,22.8
9/20/2017,82,59.8,80.5,56.7,0,0,13,22.6
9/21/2017,72.1,58.5,68,53.8,0.161,0.161,15.7,25.7
9/22/2017,73.8,53,70.7,50.3,0,0,8.5,15.2
9/23/2017,77,52.9,72.6,49.6,0,0,6.3,14.8
9/24/2017,80.3,52.3,76.2,49.4,0,0,6.5,14.1
9/25/2017,84,52.4,79.9,49.8,0,0,6.3,15.2
9/26/2017,87.6,55.9,84.7,52,0,0,6.7,14.8
9/27/2017,91.9,57.8,88.1,53.8,0,0,7.9,13.4
9/28/2017,91.9,57.7,89,54.7,0,0,6.5,13
9/29/2017,91.1,58.8,88.2,55.7,0,0,10,15.7
9/30/2017,83.6,62.3,81.7,61.4,0,0,10.6,17.9
10/1/2017,82.8,60.5,76.3,57.4,0,0,11.5,20.4
10/2/2017,77.5,55.4,72.7,49,0,0,6.7,15
10/3/2017,72.6,52.2,67.6,46.1,0,0,10.6,21
10/4/2017,78.5,48.8,73.2,44,0,0,6.7,15.7
10/5/2017,81.1,50.2,76.5,46.5,0,0,7.2,15.2
10/6/2017,84.2,49.7,80.3,44.6,0,0,7.5,10.5
10/7/2017,86.6,50.6,82.5,46.7,0,0,6.7,10.7
10/8/2017,83.2,56.5,78.8,53,0,0,10.8,19.2
10/9/2017,81.6,57.4,77.2,52.1,0,0,6,13.9
10/10/2017,83.3,51.1,77.7,46.8,0,0,6.2,12.8
10/11/2017,79.5,54.3,75.2,49.9,0,0,13.6,23
10/12/2017,72,50,66.4,42.9,0,0,7.6,14.8
10/13/2017,74.2,47,69,43,0,0,7.3,14.3
10/14/2017,76.9,45.8,73.1,40.3,0,0,7,9.4
10/15/2017,82.6,45.8,78,41.8,0,0,7.6,11.4
10/16/2017,82.2,47.6,77.9,42.5,0,0,7.3,10.1
10/17/2017,83,50,78,45.2,0,0,6.4,11.6
10/18/2017,79.5,53,77.3,50.3,0,0,6.2,9.6
10/19/2017,78.9,51.8,74.7,47.2,0,0,12.9,21.3
10/20/2017,68.6,54.7,60.5,48.9,0.075,0.075,15,26.8
10/21/2017,68.6,47.5,63.4,44.6,0,0,11.2,18.3
10/22/2017,73.8,47.2,70.9,43.6,0,0,6.4,13
10/23/2017,79.3,48.6,77.7,46.2,0,0,6.9,9.6
10/24/2017,85.4,53.9,87.5,51.8,0,0,6.6,8.9
10/25/2017,86.8,53,86.7,49.4,0,0,7.9,9.4
10/26/2017,86.5,52.7,88.6,48.3,0,0,7.6,10.5
10/27/2017,86.1,52.7,83.9,48.9,0,0,6.7,10.1
10/28/2017,84.5,55.2,85.3,52,0,0,7.1,10.3
10/29/2017,81.7,56.5,79.9,54.9,0,0,6,11.2
10/30/2017,75.4,54.6,73,51.4,0,0,11,17.9
10/31/2017,69.4,50.4,67,47.9,0,0,7.1,11.9
11/1/2017,70.5,49.6,67.9,47.8,0,0,5.8,11.9
11/2/2017,66.9,48.8,65.3,47.7,0,0,5.6,9.4
11/3/2017,68.5,54,64.5,51.6,0,0,7.7,15
11/4/2017,70.5,54.5,66.7,51.3,0,0,7.3,11.9
11/5/2017,61.5,47.7,56.1,42.5,0,0,9.5,15.7
11/6/2017,65.4,44.5,60.5,40,0,0,6.5,11.4
11/7/2017,67.6,42.4,63,38.7,0,0,5.9,10.7
11/8/2017,72.2,48.1,68.8,41.3,0,0,7.2,15.2
11/9/2017,71.6,56.1,70.8,53.2,0,0,9.2,15
11/10/2017,70.3,54.8,65.4,53.1,0,0,7.3,15.9
11/11/2017,67.6,51.9,65,50.2,0,0,6.1,12.1
11/12/2017,68.7,48.9,65.6,46.7,0,0,5.5,11
11/13/2017,70.8,44.8,67,41.3,0,0,5.5,10.3
11/14/2017,70.4,52.7,68.2,50.2,0,0,6.1,14.5
11/15/2017,71.5,49.2,66.7,46.8,0,0,7.6,14.8
11/16/2017,72.9,60.4,70.4,55,0.067,0.067,11.2,19.9
11/17/2017,63.6,47.7,61.8,43.9,0.457,0.457,12,21.5
11/18/2017,65.1,41.7,62.6,37.6,0,0,6.1,11
11/19/2017,65.4,41.9,61.4,38.8,0,0,5.9,10.7
11/20/2017,69.3,46,65.5,42.3,0,0,6.4,14.5
11/21/2017,69.4,49.3,67.8,46,0,0,5.9,8.7
11/22/2017,75.2,48.3,74,45.5,0,0,5.7,9.8
11/23/2017,74.4,49.2,72,46.8,0,0,7.8,14.5
11/24/2017,71.5,51.9,70.1,50.7,0,0,6.3,13.4
11/25/2017,76.8,49.7,74.1,47,0,0,6.7,13
11/26/2017,79.2,53.2,75.5,49.8,0.146,0.146,10.2,17.2
11/27/2017,60.3,47.1,60.6,43.4,0.752,0.752,16.2,28.6
11/28/2017,59.9,40.8,56.8,36.4,0,0,6.5,13
11/29/2017,57.7,42.4,54.9,38.5,0,0,6.4,11.6
11/30/2017,58.8,38.9,55.3,34.6,0,0,6.9,12.8
12/1/2017,59.4,39.5,55.9,35.1,0,0,6.3,10.1
12/2/2017,60.3,39.1,56.4,35.6,0,0,5.4,8.7
12/3/2017,59.4,43.3,50.8,38.9,0,0,13.5,23.9
12/4/2017,55,35.8,49.7,30.1,0,0,7,13.6
12/5/2017,60,34.6,55.6,29.5,0,0,5.9,11.2
12/6/2017,62.2,33.3,56.6,26.1,0,0,6.8,9.2
12/7/2017,62.1,34.2,57,27.9,0,0,7.4,10.1
12/8/2017,64.6,35.1,59.6,28.8,0,0,7.5,8.9
12/9/2017,63.2,33.4,58.8,26.9,0,0,7.2,8.5
12/10/2017,64,31.4,59.5,26.2,0,0,6.6,8.5
12/11/2017,63.1,34.1,59.3,28.4,0,0,6.3,8.7
12/12/2017,61.8,31.5,56.7,26.5,0,0,6.5,9.4
12/13/2017,59.6,32.9,56,28.2,0,0,6.2,8.5
12/14/2017,63,31.7,58.9,26.8,0,0,6.4,8.1
12/15/2017,65.9,34.2,60.3,28.9,0,0,7.2,11.4
12/16/2017,56.8,40.3,53,35.1,0,0,9,15.2
12/17/2017,60,35.2,55.4,29.3,0,0,5.5,10.7
12/18/2017,64.4,34.2,59.4,27.2,0,0,6,8.9
12/19/2017,64.9,33.8,58.7,28.2,0,0,5.4,9.8
12/20/2017,54.5,38.8,46.4,32.9,0.181,0.181,14,25.7
12/21/2017,52.9,29.8,48.2,23.5,0,0,5.9,11
12/22/2017,54.6,30.2,49.1,23,0,0,6.3,11.4
12/23/2017,57.4,35.3,51.7,29.4,0,0,5.6,8.9
12/24/2017,56.8,39.1,50.1,33.5,0.004,0.004,5,10.7
12/25/2017,58.4,37.8,53,31.7,0,0,5.7,11
12/26/2017,60.6,38.2,56.5,33.6,0,0,5.9,9.2
12/27/2017,58.5,36,54.5,30.3,0,0,6.5,12.1
12/28/2017,59.8,36,56.1,31.7,0,0,4.3,9.4
12/29/2017,63.7,33.6,59.9,28.3,0,0,5.6,8.5
12/30/2017,64.2,38.8,59,34.2,0,0,5.8,7.8
12/31/2017,68.5,42.4,63.8,36.8,0,0,7.1,10.7
1/1/2018,64,37.9,60.2,32.6,0,0,5.8,8.7
1/2/2018,66.1,42.6,62.9,37.6,0,0,5.9,9.2
1/3/2018,63,39.6,59.1,34.2,0,0,6.1,10.1
1/4/2018,68.7,47.9,65.2,42.8,0.193,0.193,8.1,19.5
1/5/2018,70.7,50.8,70.2,48,0,0,6.5,11.9
1/6/2018,63.1,50.9,62.6,48.7,0.028,0.028,6.5,11.4
1/7/2018,63.3,48.5,62.2,46.9,0,0,4.4,11.9
1/8/2018,60.3,51.7,59.4,49.8,0.539,0.539,13.2,23.3
1/9/2018,57.9,49.6,58,45.7,0.587,0.587,14.8,28
1/10/2018,55.6,45.4,52.2,41.5,0,0,7.9,13.6
1/11/2018,58.2,45.2,57.1,42.8,0,0,5.3,8.7
1/12/2018,54.6,41.7,51.9,38.3,0.008,0.008,6.2,11.2
1/13/2018,59.4,44.4,59,41,0,0,5.9,9.4
1/14/2018,67.2,40.1,65.4,36.5,0,0,6.2,9.8
1/15/2018,64.8,44.8,62.8,40.6,0,0,6,12.3
1/16/2018,63.6,45.9,62.6,42.6,0.008,0.008,6,12.8
1/17/2018,62.2,42.9,60.5,38.7,0,0,6.6,10.5
1/18/2018,66.8,43.3,65.6,38.4,0,0,6.7,13
1/19/2018,57,44.5,50.5,37.8,0.161,0.161,12.9,23
1/20/2018,53.2,39.6,46.5,34.1,0,0,12.3,22.4
1/21/2018,54.1,33.5,49.7,27.5,0,0,5.8,10.3
1/22/2018,58.1,39.2,55.4,34.3,0,0,5.9,9.4
1/23/2018,56.7,39.7,54.4,35,0,0,5.4,10.5
1/24/2018,66.1,37.7,60.1,31.7,0,0,8.7,16.8
1/25/2018,56.4,42.2,50.7,36.9,0.189,0.189,7.4,15.7
1/26/2018,56.8,36.5,51.3,31.2,0,0,6.7,12.8
1/27/2018,57.3,36.7,52.4,31.1,0,0,6.3,11.9
1/28/2018,62.2,35.3,59.5,30.6,0,0,6.7,8.1
1/29/2018,64.2,39.4,62.2,35,0,0,6.1,9.8
1/30/2018,65.8,40.6,63.6,36.6,0,0,6.8,11.6
1/31/2018,63.5,42.5,62.3,39.2,0,0,6,9.4
2/1/2018,66.8,42.6,64.5,39,0,0,5.6,11
2/2/2018,69.3,41.8,67.3,37.4,0,0,6.8,8.7
2/3/2018,71.7,43.8,72.3,40.2,0,0,7.4,8.9
2/4/2018,74.8,43.7,71.2,40,0,0,6.8,10.3
2/5/2018,70.9,42.6,69.4,39.8,0,0,6.9,12.1
2/6/2018,70.7,43,70.3,40,0,0,6.1,10.1
2/7/2018,76.2,45.8,73.5,41,0,0,6.8,9.6
2/8/2018,73.7,42.4,71.5,39.3,0,0,6.7,8.5
2/9/2018,73.5,43,70.3,39.2,0,0,6.6,11
2/10/2018,72.1,44.8,67,41,0,0,10.9,18.6
2/11/2018,68.5,39.7,62.3,34.3,0,0,15.2,24.2
2/12/2018,56.4,41.1,52,36.6,0.012,0.012,7.9,15.4
2/13/2018,64.8,37.5,58.1,32.8,0,0,6.9,16.3
2/14/2018,66.4,39.5,58.4,33.7,0,0,8.2,14.8
2/15/2018,65.1,41.2,59.3,35.3,0,0,10.3,19.2
2/16/2018,67.2,34.9,61,29.6,0,0,5.8,13.6
2/17/2018,69,37.9,63.8,33.1,0,0,6.3,10.1
2/18/2018,66.2,42.5,59.2,36.5,0,0,17,28
2/19/2018,52.2,35.2,41.5,28.4,0.138,0.059,13,24.8
2/20/2018,53.3,31,47.8,24.2,0,0,6.7,11.4
2/21/2018,56.9,32.3,50.6,25.3,0,0,5.3,14.3
2/22/2018,58,33.4,48.4,27.4,0.157,0.15,9.8,22.4
2/23/2018,54.2,36.4,44.1,28.8,0,0,12.7,24.2
2/24/2018,58.3,30.1,52.1,23.2,0,0,6.7,13.4
2/25/2018,59.5,33.7,55.4,28,0,0,6.4,10.1
2/26/2018,53.5,36.8,48.3,31.1,0.201,0.201,6.8,13.4
2/27/2018,49.3,37.6,44.5,31.6,0.142,0.142,5.9,12.8
2/28/2018,58.1,35.3,53.8,30.3,0,0,5.7,13.6
3/1/2018,56.5,45.7,49.8,38.3,0.772,0.772,17.2,32.2
3/2/2018,56,46.7,50.9,42,0.287,0.287,13.7,21.7
3/3/2018,54.7,40.6,49.6,36.1,0.343,0.343,7.3,14.3
3/4/2018,55.9,36.9,51.4,31.7,0,0,7.4,16.3
3/5/2018,60.4,34.8,56.6,29.8,0,0,7.2,10.1
3/6/2018,67.2,35.2,63.6,30.3,0,0,8.1,9.2
3/7/2018,67.9,42,65.9,38,0,0,6.9,13.9
3/8/2018,72,43.3,68.9,37.6,0,0,7.2,11
3/9/2018,70.8,48.6,71,46.4,0,0,7.4,16.1
3/10/2018,65,52.1,63,50.8,0.071,0.071,8,15
3/11/2018,67,48,65.5,46.5,0,0,6.5,11
3/12/2018,75.3,49.1,73.3,46.5,0.031,0.031,9.3,15
3/13/2018,67.6,54.3,66.8,52.6,0.854,0.854,14.7,26.6
3/14/2018,56.5,48.1,54.8,43,0.083,0.083,9.5,17.4
3/15/2018,59.9,42.9,56.3,37.8,0,0,8.9,18.1
3/16/2018,53.9,44.2,49.5,39.6,0.429,0.429,12.9,21.7
3/17/2018,56,37.7,53.1,32,0.264,0.264,9.2,16.3
3/18/2018,58.9,36.7,56.5,31.5,0,0,5.5,10.7
3/19/2018,65.8,37.9,64.8,33.2,0,0,6,10.1
3/20/2018,63.5,46.5,60.1,41.7,0.5,0.5,11.9,19.5
3/21/2018,63.7,52.4,61.1,49.7,1.142,1.142,14,23.3
3/22/2018,65.9,50.4,63.7,45.1,2.106,2.106,14.8,29.1
3/23/2018,60.6,43.3,58.2,36,0,0,12.4,20.4
3/24/2018,61,41.7,58.6,37.4,0.028,0.028,10.3,20.4
3/25/2018,58.6,42.1,53.5,36.3,0,0,12.2,22.1
3/26/2018,60.7,39.7,58.1,34.2,0,0,6.4,15
3/27/2018,66.7,39.7,66.1,34.5,0,0,6.7,11.2
3/28/2018,72.9,42.9,73.8,38.3,0,0,7.6,9.6
3/29/2018,76.8,47.5,79.2,43.9,0,0,7.3,8.9
3/30/2018,80,50.3,81.8,47.6,0,0,7.4,8.9
3/31/2018,79.2,51,81,49.8,0,0,7.7,11
4/1/2018,78.3,50.2,77.3,48.3,0,0,7.9,14.3
4/2/2018,75.4,52,73.9,49,0,0,9.8,18.8
4/3/2018,76.5,51,75.9,48.9,0,0,6.5,11.6
4/4/2018,79.2,51.6,76.9,48.4,0,0,8.3,14.1
4/5/2018,76.2,53,73.6,49,0,0,12.2,19.9
4/6/2018,62.2,57.7,60.8,54.8,0.165,0.165,8.4,15.9
4/7/2018,71.2,56.5,68,49,0.89,0.89,15,25.3
4/8/2018,71.1,50.2,67.4,43.7,0,0,14.1,24.6
4/9/2018,77.4,46.9,78.2,44.3,0,0,5.6,10.3
4/10/2018,84.1,55.4,84.5,52.4,0,0,16.4,26.4
4/11/2018,74.5,54.1,73.6,49.2,0,0,17.4,28.9
4/12/2018,63.4,46.1,54.2,39.1,0.039,0.039,19.2,33.6
4/13/2018,69,44.9,68.5,40.5,0,0,9.9,15.7
4/14/2018,79.1,45,77.4,41.7,0,0,5.9,11.2
4/15/2018,84.5,56.3,80.3,50.3,0,0,16.5,29.1
4/16/2018,62.9,44.4,57,40.9,0.114,0.114,11.4,25.3
4/17/2018,65.2,41.4,62,36.9,0,0,6.2,15.4
4/18/2018,68,43.3,66.1,40.2,0,0,11.3,19
4/19/2018,68.8,47.5,59.6,41,0.012,0.012,15.1,29.8
4/20/2018,76.1,45.7,74.6,41.5,0,0,7,16.3
4/21/2018,84,51,85.6,49.6,0,0,8.1,15.4
4/22/2018,89.4,53.7,90.1,52.2,0,0,7.3,13.6
4/23/2018,91.1,57.3,92.4,57.6,0,0,9,16.6
4/24/2018,91.1,59.7,90.1,58.3,0,0,8.4,15
4/25/2018,90.1,59.9,89.9,56.5,0,0,9.6,15.7
4/26/2018,86.5,58.9,85.9,53.7,0,0,14.8,23.7
4/27/2018,77,54,72.6,48.4,0,0,14.3,23.9
4/28/2018,75.6,52.8,71.3,46.8,0,0,14.2,23.5
4/29/2018,71.1,52.3,66,46,0,0,14.3,25.3
4/30/2018,70.6,51.4,65.4,47.6,0,0,11.7,19
5/1/2018,73,50.4,71.1,46.4,0,0,9.6,20.6
5/2/2018,77.4,55.5,77.5,54.2,0,0,11.9,20.8
5/3/2018,83.6,55.1,81.7,53,0,0,8.4,17.2
5/4/2018,90.7,57.2,90.1,55.5,0,0,7.2,13.4
5/5/2018,90.7,62.2,91.2,61.1,0,0,11.6,20.8
5/6/2018,88.3,61.8,85.6,55.3,0,0,12.2,19.9
5/7/2018,89.6,59,86.9,55,0,0,9.5,18.3
5/8/2018,93.8,62.1,90.4,60.1,0,0,10.1,19.9
5/9/2018,88.6,63.1,85.6,58.2,0,0,12.9,23.5
5/10/2018,86.7,58.8,83.2,53,0,0,12.2,21
5/11/2018,86.3,59,83.1,55.2,0,0,14.7,28
5/12/2018,82.9,57.1,80,52.7,0,0,11.4,19.2
5/13/2018,84.7,59.5,82,57.5,0,0,10,22.4
5/14/2018,83.8,58.7,82.5,54.7,0,0,11.2,18.8
5/15/2018,82.8,58.4,83.5,51.6,0,0,16.8,27.3
5/16/2018,76.3,56,74.7,51.6,0,0,12.2,23.5
5/17/2018,81.1,55,78.8,50.5,0,0,10.9,18.8
5/18/2018,84.8,58,83.9,54.5,0,0,11.3,19.9
5/19/2018,87.3,61,85.6,56,0,0,13.3,22.4
5/20/2018,82.1,56.8,80,51.2,0,0,13.5,22.1
5/21/2018,80.1,55.1,78.2,50.1,0,0,10.6,18.8
5/22/2018,85.2,61.3,86.8,58.6,0,0,12,20.1
5/23/2018,85.8,60.3,87.6,57.2,0,0,13.9,23.5
5/24/2018,84.4,57.9,84.2,54.6,0,0,15.4,26.6
5/25/2018,66.5,58.6,63.9,54.3,0.024,0.024,9.3,16.6
5/26/2018,75.7,56.2,70.9,52.5,0,0,11.8,21.5
5/27/2018,84.7,58.5,84.8,55.9,0,0,8.4,16.1
5/28/2018,95,63.6,95.3,62.9,0,0,7.5,14.3
5/29/2018,99.2,68.1,101.2,67.3,0,0,9.9,16.3
5/30/2018,92.2,61.4,90.6,54,0,0,16.2,27.5
5/31/2018,79.9,54,76.3,47.4,0,0,12.8,21
6/1/2018,85.1,54.6,82.8,50.5,0,0,10.5,17.7
6/2/2018,98.2,60.5,96.8,58.8,0,0,6.6,13.6
6/3/2018,104,66.7,103.3,65.4,0,0,8.8,14.1
6/4/2018,100.6,73,97,65.6,0,0,13.3,22.1
6/5/2018,93,64.2,89.2,58.2,0,0,13.5,21.7
6/6/2018,89.1,61.7,86.7,56.8,0,0,13.9,22.6
6/7/2018,88.9,57.7,86.3,53.6,0,0,11.4,20.4
6/8/2018,93.6,61.3,87.6,57.1,0,0,11.9,21.9
6/9/2018,86.3,64.5,83.9,54.9,0,0,16.8,30.4
6/10/2018,85.9,56.8,77.7,51.1,0,0,15.2,27.1
6/11/2018,91,60,87.8,55.3,0,0,9.5,19
6/12/2018,99.7,64.3,99.2,62.5,0,0,6.6,14.3
6/13/2018,103.1,69.3,103.6,67.9,0,0,10.1,16.1
6/14/2018,100.9,71.3,101.6,68.7,0,0,13.4,21.5
6/15/2018,98.6,65.7,96,62.8,0,0,10.4,17.2
6/16/2018,90.8,62,90.3,59.4,0,0,12.1,22.6
6/17/2018,81.5,59.8,80.1,57,0,0,8.3,15.7
6/18/2018,89.2,61.2,87.1,59.1,0,0,8.5,19
6/19/2018,95.8,66.9,94.9,64.5,0,0,8.8,18.3
6/20/2018,100.5,67,97.5,64.3,0,0,11.9,21.9
6/21/2018,99.9,65.9,95.8,60.2,0,0,10.7,18.8
6/22/2018,103.4,67,100.6,64.7,0,0,10.2,18.6
6/23/2018,104,72,101.7,69.7,0,0,10.2,18.6
6/24/2018,102.1,72.6,100.6,71.3,0,0,13,21.5
6/25/2018,96.6,68.2,97.1,66.5,0,0,10.8,18.8
6/26/2018,101.5,69.6,100.4,69,0,0,9.7,17.2
6/27/2018,100.2,67.9,99.8,63.9,0,0,12.4,20.4
6/28/2018,94.1,65,91.9,61.9,0,0,12.2,20.1
6/29/2018,95.8,65.4,93.3,62.3,0,0,9.2,19
6/30/2018,101.8,69.8,100.3,68.5,0,0,9.3,16.6
7/1/2018,103.4,73.6,102,72.4,0,0,12.2,19.9
7/2/2018,100.6,71.4,100.6,70,0,0,9.8,17.9
7/3/2018,100.1,70.2,101.2,69.5,0,0,12.4,20.1
7/4/2018,95.7,66.6,96.7,65.4,0,0,11.2,18.3
7/5/2018,97.7,67.4,97.2,65.6,0,0,10.3,16.8
7/6/2018,103.6,73,98.2,70.3,0,0,13.8,27.3
7/7/2018,105.1,74.7,102.2,71.5,0,0,11.6,23.5
7/8/2018,104.6,74.7,98.2,68.6,0,0,13.9,26.2
7/9/2018,102.3,73.5,95,66.7,0,0,12.8,23.5
7/10/2018,102.6,73,99.6,69.5,0,0,10.9,20.8
7/11/2018,103.6,71.5,105,69.1,0,0,8.6,14.5
7/12/2018,101.5,75.3,100.5,74.7,0,0,9.9,16.1
7/13/2018,103.2,78.8,103.7,77.5,0,0,11.3,18.8
7/14/2018,104.1,78,103.5,74.3,0,0,12.3,21.7
7/15/2018,104.5,77.9,104.2,73.5,0,0,10.5,19
7/16/2018,105.1,75.4,103.2,71.7,0,0,10,19.7
7/17/2018,106.8,75.7,104.1,71.8,0,0,9.9,19
7/18/2018,107,75.9,105.5,71.8,0,0,8.5,14.1
7/19/2018,106.6,76,107,76.2,0,0,9.3,15.2
7/20/2018,104.4,76.4,104.1,75.2,0,0,12,20.6
7/21/2018,99.9,77.5,102.7,78.5,0,0,10.2,17
7/22/2018,101.4,77.3,102.5,73.9,0,0,10.8,19.9
7/23/2018,102.8,76.6,104.1,74.5,0,0,12.2,21.3
7/24/2018,104.7,77.2,103.3,74,0,0,11.1,21.7
7/25/2018,105.4,75.5,102.8,72.9,0,0,9.7,19.7
7/26/2018,104.9,77.2,106.2,74.8,0,0,9.1,19.2
7/27/2018,104.3,75.2,102.8,73,0,0,11.4,22.1
7/28/2018,103.3,71.8,103.2,70.7,0,0,7,15
7/29/2018,103.4,74.1,102.4,74.5,0,0,9.2,18.3
7/30/2018,102.6,70.9,101.1,70,0,0,7.9,16.3
7/31/2018,104,74.8,103.3,74.8,0,0,7.9,17
8/1/2018,102.7,73.1,100.6,73.4,0,0,9.9,17.9
8/2/2018,100.3,73.1,97.2,69.6,0,0,9.2,18.1
8/3/2018,101.5,68.8,98.9,66.3,0,0,9.1,20.1
8/4/2018,101,71.2,96.1,71,0,0,14.4,26.8
8/5/2018,97.3,69.3,93.5,65.7,0,0,11.4,20.8
8/6/2018,97.6,66.4,94,64,0,0,10.8,19.9
8/7/2018,99,66.8,98.1,65.2,0,0,8.4,17.7
8/8/2018,101.3,66,101.1,65.9,0,0,7.4,11.9
8/9/2018,102.7,67.9,103.9,68.6,0,0,5.9,12.3
8/10/2018,103.5,73.5,102.8,74,0,0,9.7,20.1
8/11/2018,100.4,72.9,98.1,72.3,0,0,8.8,18.6
8/12/2018,102.6,70.5,102.1,66.7,0,0,8.2,13.6
8/13/2018,99.1,70.6,98.5,68.8,0,0,8.8,15
8/14/2018,97.8,70,95.7,67.7,0,0,10.3,18.8
8/15/2018,96.1,67.5,96.4,65.8,0,0,9.2,16.8
8/16/2018,99.1,69.5,98.8,68.5,0,0,7.2,16.1
8/17/2018,102.1,72.2,101.6,69.8,0,0,8.6,16.8
8/18/2018,104.1,75.5,102.3,72.4,0,0,9.2,19.2
8/19/2018,101.9,72.8,100.6,68.6,0,0,7.3,13.2
8/20/2018,101.8,69.3,101.3,67.7,0,0,12.4,19.7
8/21/2018,93.9,66.4,94.1,65.2,0,0,8.7,13.9
8/22/2018,92.9,64,94.5,63.4,0,0,8.6,14.1
8/23/2018,92.9,65.2,92.7,63.7,0,0,8.7,16.6
8/24/2018,91.7,62.9,91.2,60.8,0,0,9.5,16.3
8/25/2018,93.3,64.5,93.7,64.2,0,0,6.4,13.4
8/26/2018,93.7,66.1,94,64.2,0,0,9.3,15
8/27/2018,89.2,63.8,90.9,60.7,0,0,12.7,20.6
8/28/2018,87.8,63.7,89.3,62.1,0,0,9.5,16.3
8/29/2018,88.1,63.7,91.1,62.4,0,0,11.1,18.6
8/30/2018,87,63.3,87,61,0,0,11.4,19
8/31/2018,88.5,62.4,85.7,59.8,0,0,10.6,20.8
9/1/2018,90.7,65.7,90.2,64.1,0,0,8.5,18.1
9/2/2018,96,67.2,97.5,67.4,0,0,6,14.8
9/3/2018,96.3,68.8,96.5,67.8,0,0,8.8,15.7
9/4/2018,97.2,69.3,98.1,68.4,0,0,6.8,12.1
9/5/2018,98.8,69.2,98.8,68.6,0,0,11.4,18.6
9/6/2018,96.7,67,94.7,64.9,0,0,9.3,20.1
9/7/2018,98.8,67.3,96.8,66.2,0,0,7.5,16.1
9/8/2018,97.6,67.4,94.6,65.6,0,0,9.7,19.2
9/9/2018,96.1,64.2,94,61.1,0,0,7.8,16.1
9/10/2018,94.5,64,90.6,61.6,0,0,7.7,16.1
9/11/2018,94.8,64.2,91.4,62.4,0,0,9.3,16.3
9/12/2018,88.5,64.6,84.7,58.8,0,0,11.9,20.1
9/13/2018,83.8,59,80.6,56.4,0,0,9.1,17.7
9/14/2018,87.4,58.4,84.8,55.2,0,0,8.5,13.9
9/15/2018,85.4,62.9,82.3,58.4,0,0,11.6,22.4
9/16/2018,85.6,57.1,82,54.2,0,0,10.3,17
9/17/2018,87.3,57.5,85,55.1,0,0,8.2,13.4
9/18/2018,86.9,58.4,83.9,55.1,0,0,8.4,17
9/19/2018,87.4,58,82.8,55,0,0,9.5,19
9/20/2018,90,56.7,86.2,53.3,0,0,6.4,12.8
9/21/2018,94.7,62.2,91.1,59,0,0,7.1,12.3
9/22/2018,95.4,59.5,93.6,56.6,0,0,6.8,11.2
9/23/2018,94.6,62.5,91.7,59.5,0,0,7.4,14.3
9/24/2018,91.5,60.1,88.6,56.5,0,0,7.3,11.9
9/25/2018,93.7,59.4,90.4,55.8,0,0,7,14.8
9/26/2018,96.4,65,93.1,61.2,0,0,6.5,13.2
9/27/2018,96.6,65.1,93.4,62,0,0,7.3,12.1
9/28/2018,92.4,63.8,91.1,60.9,0,0,7.6,13
9/29/2018,80,60.7,79,58.2,0,0,9.8,16.8
9/30/2018,79.7,60.1,77.1,59.3,0,0,6.8,12.1
10/1/2018,87.4,59.5,85.7,58.8,0,0,6.3,10.3
10/2/2018,85.9,66.2,86.3,65,0.008,0.008,9.2,21
10/3/2018,76.2,65.7,75.9,64.3,0.02,0.02,11.4,18.3
10/4/2018,76.8,61.8,76.3,62.9,0,0,8.8,16.8
10/5/2018,78.4,58,77,57.2,0,0,7.9,17.4
10/6/2018,80,60.3,75.9,58.6,0,0,14.6,26.6
10/7/2018,80.2,55.1,76,53.7,0,0,5.9,14.5
10/8/2018,80,53.9,76.7,49.8,0,0,5.6,11.6
10/9/2018,82.3,54.6,79.3,50.5,0,0,6.7,11.6
10/10/2018,77.8,55.9,76.3,54.5,0,0,7.8,13
10/11/2018,76.7,56.7,73.5,55.9,0,0,6.4,15.4
10/12/2018,82,55,78.2,53.9,0,0,6.3,15.7
10/13/2018,85.2,54.2,80.7,51.3,0,0,6.3,12.3
10/14/2018,82.4,53.4,77.9,49.7,0,0,7.3,14.1
10/15/2018,82.8,53.1,76,49.2,0,0,7.6,17.2
10/16/2018,80.8,46.9,74,40.7,0,0,6.2,15.7
10/17/2018,83.3,48.2,77.2,42.1,0,0,6.3,12.5
10/18/2018,83.8,49.5,78,43.9,0,0,7.3,11.9
10/19/2018,85.3,54.1,79.5,50.3,0,0,6.2,15
10/20/2018,86,51.7,81.9,46.2,0,0,5.9,10.3
10/21/2018,84.7,52.3,79,47.4,0,0,6.7,12.5
10/22/2018,82.1,52.4,77.8,49.6,0,0,7.3,12.1
10/23/2018,79.5,51.1,75,48.1,0,0,8.3,14.8
10/24/2018,78.1,47,72.9,44.3,0,0,5.4,11.9
10/25/2018,79.2,50.1,75.4,47.5,0,0,6.2,12.3
10/26/2018,82,51.3,78.8,48.8,0,0,6.4,8.9
10/27/2018,84.8,53.7,81.4,50.5,0,0,6.5,9.8
10/28/2018,81.3,55.1,76.7,53.1,0,0,11.4,20.8
10/29/2018,71.6,56.1,65,50.3,0,0,11,20.6
10/30/2018,71.1,49,65.6,44,0,0,6.6,13.4
10/31/2018,73.2,45.9,67.1,41,0,0,6.3,11.9
11/1/2018,79.1,49.1,74,44.1,0,0,4.8,12.5
11/2/2018,80.2,49.5,75.2,44.5,0,0,6.8,12.1
11/3/2018,78.1,51.7,75.1,47.6,0,0,5.8,9.6
11/4/2018,79.9,53.7,76.4,50,0,0,6,11.2
11/5/2018,76.5,51.4,70.7,47.2,0,0,6.9,15
11/6/2018,73.1,45.2,66.9,40.6,0,0,7.1,12.5
11/7/2018,75,44.2,69.1,40.2,0,0,6.4,11.2
11/8/2018,71.1,42.4,65,35.2,0,0,6.5,10.7
11/9/2018,71.7,40.6,65.5,35.6,0,0,6,10.7
11/10/2018,70.6,39.7,64.2,34.7,0,0,6.7,8.7
11/11/2018,68.6,38.2,62.6,32.1,0,0,6.7,11.9
11/12/2018,70.9,37.1,64.7,30.9,0,0,6.8,9.8
11/13/2018,70.1,37,62.8,31,0,0,5.9,10.5
11/14/2018,69.8,39.5,62.9,33.8,0,0,6,11
11/15/2018,68.3,37.3,61.9,31.5,0,0,5.9,8.3
11/16/2018,69.5,42,63.5,36,0,0,5.8,8.3
11/17/2018,70.7,39.2,64.9,32.6,0,0,6.8,10.3
11/18/2018,70,41.3,64.3,36.6,0,0,7.2,11.6
11/19/2018,70.1,36.6,65.1,30.5,0,0,5.5,9.6
11/20/2018,72.4,36.2,65.9,29.8,0,0,7.4,9.8
11/21/2018,67.8,43.3,63.1,36.3,0.22,0.22,10.4,23.5
11/22/2018,62.3,49.8,61.1,46.8,0.669,0.669,8.1,15.2
11/23/2018,56.6,51.3,53.4,47.6,0.189,0.189,7,11.2
11/24/2018,67.9,52.3,65.1,51.1,0.028,0.028,9.4,17.2
11/25/2018,63.9,49.8,62.9,48,0,0,5.5,12.5
11/26/2018,64.7,46.5,64.4,43.7,0,0,5.6,8.7
11/27/2018,68,45,65.6,41.5,0,0,7.9,13.9
11/28/2018,56.3,51.7,55.2,46.7,1.102,1.102,11,18.3
11/29/2018,60.5,50.5,54.1,45.9,0.98,0.98,19.6,34.4
11/30/2018,59.3,44.8,52.8,40.9,0.055,0.055,11.5,20.4
12/1/2018,50.3,39.2,47.1,34.7,0.146,0.146,7.2,17.2
12/2/2018,54.6,37,49.3,31.3,0,0,7.4,15.7
12/3/2018,55.2,36.4,50.5,31.9,0,0,4.6,10.3
12/4/2018,56.9,41.5,53.5,36.6,0,0,8.1,14.3
12/5/2018,53.2,46.8,50.1,42.4,0.197,0.197,6,13.2
12/6/2018,56.3,46,54.4,43.3,0.031,0.031,5.6,12.3
12/7/2018,56.2,42.6,54.6,39,0,0,5.3,9.8
12/8/2018,52.7,40.9,50.5,37.3,0,0,5.2,8.5
12/9/2018,54.6,40.6,52.5,37.2,0,0,5.3,8.7
12/10/2018,49,42.2,45.2,38.1,0,0,5.9,13.4
12/11/2018,51.4,39.5,49.5,34.9,0,0,4.7,8.7
12/12/2018,54.7,37.8,51.7,33,0,0,5.6,10.5
12/13/2018,57.8,34.5,55.5,29.4,0,0,6.4,8.5
12/14/2018,56.3,42.2,52.7,36.8,0,0,9.4,14.5
12/15/2018,60.4,36.8,57.2,29.9,0,0,7.6,10.5
12/16/2018,65.5,37.1,61.3,31,0.024,0.024,10.2,16.1
12/17/2018,57.4,49.7,55.9,47.9,0.402,0.402,8.9,14.1
12/18/2018,58.2,42.4,55.1,39.2,0,0,5.7,10.3
12/19/2018,56.3,40.5,54.2,35.5,0,0,6.1,9.6
12/20/2018,56.9,36.7,54.4,32.3,0,0,5.4,8.1
12/21/2018,60.7,45.7,58.5,42.5,0,0,5.4,12.3
12/22/2018,55.1,45.2,53.3,42.4,0,0,5.6,10.3
12/23/2018,55.3,42.6,52.3,38.6,0,0,5.6,12.1
12/24/2018,56.3,41.8,53.5,37.9,0.35,0.35,6.4,20.4
12/25/2018,54.2,43,48.9,38.3,0.028,0.028,15.2,25.5
12/26/2018,53.9,39.3,50.7,34.9,0,0,6,9.4
12/27/2018,51.6,35.2,45.2,29.8,0,0,10.7,19.9
12/28/2018,51.4,31.1,46.4,24.5,0,0,6.3,9.8
12/29/2018,53.5,29.6,49.5,22,0,0,6.5,9.2
12/30/2018,53.3,30.1,47.9,23.1,0,0,7.2,13.2
12/31/2018,48.9,33.3,44.4,27.7,0,0,6.2,12.3
1/1/2019,52,30.3,46.8,24.3,0,0,7.8,9.2
1/2/2019,52.1,26.4,47.4,19.8,0,0,6.6,8.7
1/3/2019,54.9,28.4,50.6,21,0,0,6.8,9.6
1/4/2019,59.5,30.1,54.2,23,0,0,7.6,12.8
1/5/2019,51.9,37.4,44.6,30.5,0.26,0.26,16.4,27.5
1/6/2019,54.4,38.7,48.3,33.4,0.567,0.567,18.5,29.3
1/7/2019,60.6,48,60.2,43.1,0.043,0.043,16.9,29.3
1/8/2019,64.2,47.5,61,43.8,0,0,10.1,15.2
1/9/2019,55.3,46.5,52,44.1,0.193,0.193,10.1,20.1
1/10/2019,55.7,41.6,53.9,37.8,0,0,5.4,8.1
1/11/2019,62.2,39.6,59.3,34.6,0,0,7.9,13
1/12/2019,60.5,44.7,57.3,40.1,0,0,6.9,11.9
1/13/2019,61.5,42.8,58.9,38.3,0,0,7.6,9.4
1/14/2019,55.2,42.9,52.1,37.3,0.091,0.091,8.7,13.6
1/15/2019,54.9,44.3,49.3,39.3,0.287,0.287,13.6,23.9
1/16/2019,64.1,50.5,59,45.5,0.169,0.169,15.7,31.1
1/17/2019,62.8,51.4,59.9,49.5,0.366,0.366,16.6,33.8
1/18/2019,62,46.9,59.6,44.1,0.004,0.004,9.2,16.1
1/19/2019,62.1,43.8,61.5,39.9,0,0,5.9,9.4
1/20/2019,63.2,45.6,60.6,41.7,0.22,0.22,18,30.4
1/21/2019,54.1,42.1,47.6,37.2,0.122,0.122,10.9,26.6
1/22/2019,54.7,36,51.7,30,0,0,6.4,13.4
1/23/2019,56.9,34.3,53.3,28.8,0,0,5.3,9.4
1/24/2019,58.2,33.8,55.9,28.9,0,0,6.3,9.6
1/25/2019,61.1,35.6,59.5,29.5,0,0,6.9,10.1
1/26/2019,62,37.5,60.6,33.8,0,0,5.9,8.5
1/27/2019,63.9,39.4,62.6,34.3,0,0,6.9,10.5
1/28/2019,61.3,42.2,59.2,39.1,0,0,5.1,10.1
1/29/2019,64,43.3,63.3,39.2,0.004,0.004,6,14.5
1/30/2019,64.3,43.9,62.6,40.6,0.031,0.031,5.9,10.7
1/31/2019,63.1,47.8,62,44.2,0.169,0.169,6.8,14.5
2/1/2019,62.3,45.8,58.2,41.8,0.122,0.122,11.8,18.6
2/2/2019,59.1,49.5,52.9,39.7,0.669,0.669,20.1,32
2/3/2019,58.7,49,53.2,40,0.287,0.287,20.5,36.2
2/4/2019,56.1,42.5,50.4,38.5,0.945,0.945,13,24.6
2/5/2019,45.7,33.6,41.1,28,0.335,0.303,10.4,21
2/6/2019,50.6,30.6,44.7,24,0,0,5.7,12.5
2/7/2019,51.8,30,46.2,22.9,0,0,7.3,11.4
2/8/2019,55.4,31.3,49.3,25.4,0.146,0.146,8,15.9
2/9/2019,53.2,41.7,47.8,36.4,0.083,0.083,10.6,17.2
2/10/2019,47.8,34.1,40,27.7,0.311,0.311,13.4,22.1
2/11/2019,50.2,28.3,45.2,22.1,0,0,5.9,10.7
2/12/2019,52.6,29.4,46.8,22.4,0,0,6.9,13.4
2/13/2019,61.6,46.7,56.8,39.6,0.39,0.39,15.5,30.2
2/14/2019,63.1,45.5,57.2,41.8,0.591,0.591,17.3,38
2/15/2019,52.2,42.4,48.9,37.6,0.433,0.433,10.6,17.2
2/16/2019,50.3,38.4,46.6,33.1,0.366,0.366,5.4,19.5
2/17/2019,47.7,32.9,42.2,26.7,0.205,0.205,7.2,21.3
2/18/2019,51.4,32.6,44.5,26.5,0.004,0.004,7.8,15.4
2/19/2019,50.1,30.1,45.7,24,0,0,5.4,11
2/20/2019,50.5,33.2,45.9,26.8,0.063,0.063,6.5,18.6
2/21/2019,51.4,33.8,44.5,27.2,0.15,0.15,9.5,17.7
2/22/2019,52.2,31.8,47.5,26.1,0,0,6.3,13
2/23/2019,55,30.1,51.2,23.7,0,0,5.2,10.1
2/24/2019,58.9,35.2,56.2,29.4,0,0,5.9,9.4
2/25/2019,66,42.5,60.1,37.2,0,0,9,17
2/26/2019,62.5,47.2,57.9,42.6,0.004,0.004,9.4,17.9
2/27/2019,64.6,49.6,61,44.2,0.205,0.205,12.8,27.3
2/28/2019,62.1,48.2,62.2,45.2,0.102,0.102,7.3,12.5
3/1/2019,62,45.2,61,42.5,0.035,0.035,6.8,11.2
3/2/2019,62.1,49.2,61.5,45.7,0.894,0.894,12.9,28.9
3/3/2019,62.6,52.5,61.8,48.3,0.079,0.079,10.2,16.1
3/4/2019,60.6,48.6,58.2,45.3,0.008,0.008,9.9,17.9
3/5/2019,57.5,48.4,52.2,45.3,0.28,0.28,17.7,28
3/6/2019,62.3,50.5,57.7,46.7,0.957,0.957,17,32.9
3/7/2019,57.7,48.3,55.3,44.8,0.102,0.102,9.6,14.8
3/8/2019,55,42.2,48.3,37,0.063,0.063,8.9,16.1
3/9/2019,57.1,36.7,51,30.9,0.106,0.106,7.4,15.9
3/10/2019,58.2,40.2,54.5,35.1,0,0,6,12.5
3/11/2019,62.3,38.8,58.4,34.2,0,0,11.1,19.9
3/12/2019,63.1,38.3,58.9,33.9,0.051,0.051,14.1,22.6
3/13/2019,58.4,38.6,52,31.3,0,0,14.2,22.6
3/14/2019,61.3,36.5,59.2,31.2,0,0,6.3,12.8
3/15/2019,66.5,37.7,64,32.1,0,0,6.7,12.3
3/16/2019,68.7,38.6,69.7,34.4,0,0,7.5,9.2
3/17/2019,72.4,41.2,71.6,36.8,0,0,7.2,10.3
3/18/2019,77.5,44.8,78.1,39.5,0,0,7.8,9.8
3/19/2019,74.2,49.5,74.3,44.9,0.126,0.126,18.3,33.6
3/20/2019,64.7,49,63.2,44.2,0.051,0.051,13.9,27.7
3/21/2019,61.4,45.5,61.8,43,0.004,0.004,7.9,15.7
3/22/2019,63.1,42.4,60.7,37.9,0,0,5.5,11.4
3/23/2019,60.3,48.1,56.7,43.8,0.051,0.051,7.5,13.4
3/24/2019,64.9,40.9,62.9,36.5,0,0,6.8,11.2
3/25/2019,74.7,41.9,73.2,36.7,0,0,8.8,14.1
3/26/2019,70.3,49,69.4,45.5,0,0,7.4,18.1
3/27/2019,69.2,54,64.7,51.6,0.291,0.291,11,21.7
3/28/2019,66.2,50.3,63.9,46.4,0.118,0.118,12.2,20.1
3/29/2019,65.4,46,61.2,40.7,0,0,12.4,23
3/30/2019,67.6,42,64.2,37.9,0,0,9.5,18.6
3/31/2019,73,44.9,72.7,41.4,0,0,6,13
4/1/2019,76.1,47.7,74.8,46.1,0,0,8.3,14.5
4/2/2019,67.2,53,66.9,51.7,0.142,0.142,10.2,20.4
4/3/2019,67.7,49.6,63.2,47.4,0,0,9,17.4
4/4/2019,67.6,49.1,65.6,47.3,0,0,7.8,16.1
4/5/2019,65.9,47.1,63.8,44.1,0.012,0.012,8.7,16.1
4/6/2019,74.5,46,72.7,42.1,0,0,5.9,13.6
4/7/2019,78.3,53.2,78.4,52,0,0,7.6,17
4/8/2019,76.9,57.6,77,58.9,0,0,12.6,21.9
4/9/2019,67.6,55.7,60.6,47.3,0.012,0.012,22.2,37.4
4/10/2019,71,47.4,63.6,41.2,0,0,14.6,27.3
4/11/2019,68.1,46.7,62.2,43.3,0,0,15.4,26.6
4/12/2019,71.4,48.4,68.5,42.5,0,0,10.6,20.1
4/13/2019,78.4,48.2,78.2,44.4,0,0,6,13
4/14/2019,81.9,50.9,81.5,48.5,0,0,12.1,19.7
4/15/2019,74.2,52.2,69.3,48.4,0.094,0.094,15.6,25.5
4/16/2019,68.3,51.9,61.5,49,0.189,0.189,11.2,21.5
4/17/2019,75.3,48.4,77,45.9,0,0,6.2,10.5
4/18/2019,86.1,50,87.4,48.4,0,0,5.5,9.6
4/19/2019,89.2,56.4,88.8,56.6,0,0,9.8,17.9
4/20/2019,76.6,54.8,73.4,48.1,0,0,14,23.7
4/21/2019,76.1,49.6,72.2,46.4,0,0,12.5,25.1
4/22/2019,82.8,51.3,82,50,0,0,8.6,17.7
4/23/2019,90,54.6,89.6,51.8,0,0,6.6,16.6
4/24/2019,94.2,58.6,94.9,56.2,0,0,6.3,13.9
4/25/2019,96.2,62,97.7,61.9,0,0,8.8,16.1
4/26/2019,95.3,64.5,94,62.7,0,0,9,17.9
4/27/2019,91.6,62.3,88.1,60.3,0,0,9.9,20.1
4/28/2019,89.5,57.3,87.3,55.3,0,0,8.5,15.4
4/29/2019,81.1,59.4,80.7,55.8,0,0,10,17.9
4/30/2019,77.5,56.8,74.6,55.5,0,0,10.5,18.8
5/1/2019,78,53,77,50.4,0,0,6.1,13.6
5/2/2019,83.8,55.2,80.4,50.6,0,0,6.4,15.2
5/3/2019,88.1,56.1,86.1,51.6,0,0,8.2,16.1
5/4/2019,89.1,58,86.3,53.6,0,0,11.2,18.3
5/5/2019,81.6,57.1,78.5,50.8,0,0,13.5,24.4
5/6/2019,78.3,55.6,76.7,51.3,0,0,11.4,20.8
5/7/2019,80.7,55.5,79.6,51.7,0,0,9.6,17
5/8/2019,84.3,58.6,84.8,56,0,0,7.8,14.8
5/9/2019,81.7,61.3,80.9,58.8,0.071,0.071,11.3,19.5
5/10/2019,75.3,57.8,73.3,55,0.197,0.197,8.5,17.7
5/11/2019,83.9,57.9,85.6,57.6,0,0,5.4,12.8
5/12/2019,91.4,61.9,91.3,61.1,0,0,10.6,18.6
5/13/2019,89.1,60.3,85.2,55.1,0,0,10.1,20.6
5/14/2019,87,59.2,84.2,55.3,0,0,10.3,17.4
5/15/2019,73.6,59.6,69.3,57.6,0.264,0.264,9.3,22.1
5/16/2019,64.1,54.1,61.6,47.8,1.134,1.134,13.2,27.7
5/17/2019,68.6,51.1,63.6,46.7,0,0,12,22.8
5/18/2019,69.9,49.6,69.2,46.7,0.394,0.394,10.2,15.9
5/19/2019,61.7,50.6,59.2,48.5,0.76,0.76,10.4,19.7
5/20/2019,66.8,47.4,62.8,44.9,0.012,0.012,7.5,15.9
5/21/2019,62.7,51.1,59.6,48.2,0.295,0.295,10.2,21.5
5/22/2019,66.3,49.5,62.3,46.9,0.161,0.161,11.5,21.5
5/23/2019,69.8,54,66.9,49.9,0.079,0.079,10.5,19
5/24/2019,73.2,54.5,72.8,53.2,0.004,0.004,5.4,12.3
5/25/2019,79.2,55.5,76.3,52.2,0.016,0.016,13.5,21.5
5/26/2019,56.7,46.9,54.4,44.1,0.752,0.752,6.5,21.5
5/27/2019,65.9,46.3,61.9,43.3,0.004,0.004,6.3,15
5/28/2019,70.5,51.8,68.6,50.3,0.004,0.004,8.1,15.7
5/29/2019,80.4,56.1,84.5,55.7,0,0,6.9,11.2
5/30/2019,85,60,88.6,59.8,0,0,11.7,18.8
5/31/2019,85.3,59.5,87.5,57.3,0.004,0.004,8.9,15.7
6/1/2019,88.7,62.2,93.1,63.3,0,0,7.8,20.4
6/2/2019,88.1,62.9,91.2,63.2,0,0,8.9,19.2
6/3/2019,91,65.2,93.5,63.9,0,0,7.4,15.4
6/4/2019,97.2,70.1,102,74.1,0,0,7.4,17.2
6/5/2019,102.2,72.6,106.4,76.8,0,0,10.4,21
6/6/2019,94.3,68.7,90,59.9,0,0,15.4,25.9
6/7/2019,84.7,61.2,78.9,53.9,0,0,14.1,26.8
6/8/2019,89.3,59.4,86,53.1,0,0,9.5,16.8
6/9/2019,100,61.5,96.9,59.3,0,0,6.3,13.4
6/10/2019,103.3,68.5,103.3,67,0,0,6,10.7
6/11/2019,103.5,69.4,103.9,68.6,0,0,6.2,10.5
6/12/2019,106.5,73.7,108.7,72,0,0,12.7,22.1
6/13/2019,98.9,73.7,97.1,70,0,0,13.3,23.5
6/14/2019,96,69,95,65.7,0,0,10.5,19.9
6/15/2019,96.2,67.5,96.2,64.6,0,0,11.1,20.6
6/16/2019,94.2,63.8,92.8,60.4,0,0,9.3,18.1
6/17/2019,97.5,68.8,99.2,67.6,0,0,8.8,17
6/18/2019,101.8,73.8,104.4,74,0,0,9.2,15.2
6/19/2019,104,74.2,103.9,73.9,0,0,12,19.7
6/20/2019,95,70.2,95.1,66,0,0,13.6,22.1
6/21/2019,91.1,64.9,88.6,62.4,0,0,10.2,20.8
6/22/2019,95.3,66.1,94.4,63.9,0,0,7.4,16.3
6/23/2019,100.1,69.3,99.6,67.3,0,0,7.9,15.2
6/24/2019,102.2,72.5,100.3,71,0,0,10.3,17.2
6/25/2019,98.8,71.7,95.4,68.1,0,0,12.7,21
6/26/2019,92.6,66.5,89.3,61.2,0,0,15.1,24.4
6/27/2019,88.2,60.2,85.1,55.3,0,0,15,24.4
6/28/2019,91.7,61.8,89.9,59.9,0,0,13.6,30.2
6/29/2019,94.7,62.4,93.8,59.4,0,0,8.5,16.3
6/30/2019,97,67.6,95.3,62.1,0,0,11.7,18.8
7/1/2019,96.9,66,92.4,61.5,0,0,11.3,20.1
7/2/2019,96.1,64.9,92.2,60.7,0,0,12.2,20.1
7/3/2019,93.6,63.8,92.7,60.6,0,0,11.7,19
7/4/2019,96,64.4,92.9,60.9,0,0,9.1,17
7/5/2019,100.3,69.9,98.7,69.2,0,0,9.2,16.3
7/6/2019,100.9,70.7,99.4,67.8,0,0,10.9,17.7
7/7/2019,95.8,68.5,92.3,65.4,0,0,10.5,17.2
7/8/2019,93.7,65.5,89.8,61.6,0,0,11.9,21
7/9/2019,94.2,63.1,92.1,60.9,0,0,10.9,19.2
7/10/2019,97.8,66.7,97.2,65.2,0,0,9.4,17.2
7/11/2019,101.2,70.3,99.1,69,0,0,10.2,19.7
7/12/2019,103.5,71.3,101.5,69.2,0,0,10,18.1
7/13/2019,106.6,72.8,104.9,71.7,0,0,10.4,17.4
7/14/2019,106,75.3,103.1,72.1,0,0,11.9,22.1
7/15/2019,103.3,71.1,100.4,68.6,0,0,13.2,22.6
7/16/2019,99.3,70.1,98.5,67.9,0,0,15.4,25.9
7/17/2019,97.8,68.8,97,66.3,0,0,8.1,15.9
7/18/2019,100.7,72.3,101.2,70.4,0,0,12.7,20.6
7/19/2019,97.8,70,98.8,70.5,0,0,10.5,17.4
7/20/2019,96.4,68.8,97.1,67.2,0,0,8.4,17
7/21/2019,101.2,71.1,102,70.5,0,0,6.8,13.2
7/22/2019,106.3,74.5,107,74.8,0,0,9.2,15.9
7/23/2019,105.4,78.1,104.6,75.6,0,0,9.8,16.3
7/24/2019,108.9,77.1,107.4,73.1,0,0,7.6,17.4
7/25/2019,107.5,79.1,106.2,75.3,0,0,9.7,17.2
7/26/2019,106.4,80.4,108,76,0,0,10,16.6
7/27/2019,108,74.3,106.8,73.4,0,0,7.2,16.8
7/28/2019,109.9,78.4,109.6,76.4,0,0,9.5,15.9
7/29/2019,106.1,76.6,104.2,74,0,0,13.6,21.9
7/30/2019,102.3,69.9,99.2,65.7,0,0,10.3,17.9
7/31/2019,100.8,68.5,100.1,66.8,0,0,9.6,15.4
8/1/2019,100.9,69.4,99.4,67.7,0,0,11.5,19.2
8/2/2019,99.4,67.7,97.3,66.3,0,0,11.1,18.1
8/3/2019,101.8,70.3,100.7,70.3,0,0,6.8,14.5
8/4/2019,105.1,73.8,104,72.8,0,0,10.9,17.7
8/5/2019,102,74.5,98.9,73.9,0,0,9.6,19
8/6/2019,105.7,74.5,106.2,73.3,0,0,10,15.9
8/7/2019,103,74.9,101.8,71.7,0,0,13,21.9
8/8/2019,97.2,70.7,95.1,65.8,0,0,12.4,20.6
8/9/2019,94.3,65.7,92,63.1,0,0,11.8,19.2
8/10/2019,92.8,68.4,93.1,67.3,0,0,14.6,23.7
8/11/2019,93.5,65.6,90.5,63.7,0,0,14.5,23.9
8/12/2019,98.4,68.8,96.7,67.3,0,0,7.3,16.3
8/13/2019,102.9,70.2,101.1,67.6,0,0,6.8,14.8
8/14/2019,107.2,73.9,104.8,71.4,0,0,7,16.6
8/15/2019,108.6,74.9,107.2,72.9,0,0,7.6,14.5
8/16/2019,107.7,77.1,108.2,74,0,0,10.1,17.2
8/17/2019,102.6,73,102.3,69.7,0,0,12.4,21
8/18/2019,96.4,67.9,95.1,67.5,0,0,9.3,16.1
8/19/2019,95.3,66.2,96,65.4,0,0,10,16.1
8/20/2019,96.4,67.4,95.6,66.1,0,0,9.9,17.4
8/21/2019,98.2,67.4,95.6,65.7,0,0,9.6,19.5
8/22/2019,99.1,71.7,100.7,72.5,0,0,9.7,17.7
8/23/2019,102.4,76.1,104.1,78.6,0,0,13.3,22.1
8/24/2019,102.7,74.9,104,75.4,0,0,7.8,15.9
8/25/2019,105.1,77.7,104.6,74.7,0,0,9.1,17.2
8/26/2019,105.5,78.4,103,74.8,0,0,9.4,18.1
8/27/2019,106.6,78.1,104.7,75.3,0,0,8.5,17
8/28/2019,104.2,77.1,102.2,72.3,0,0,13.5,21.9
8/29/2019,98.7,72.6,98.4,70.2,0,0,10.8,19.7
8/30/2019,100,69.5,99.5,67.1,0,0,10.2,16.6
8/31/2019,101.7,71,100,70.6,0,0,7.3,14.8
9/1/2019,105.1,70.7,102.2,67.6,0,0,5.7,15
9/2/2019,105.6,75.5,104.1,73.6,0,0,10.6,17.2
9/3/2019,103.4,73.9,100.6,71.1,0,0,9.1,19.5
9/4/2019,103.7,74.5,103,71,0,0,7.5,12.1
9/5/2019,101.7,76.1,100.2,74.4,0,0,12,21.9
9/6/2019,101.3,73.6,99.6,70.9,0,0,9.1,17.4
9/7/2019,93.5,65.5,91.5,61.3,0,0,17.3,29.5
9/8/2019,86.1,60.6,84.3,60.8,0,0,9.6,19.7
9/9/2019,87,63,84.9,62.1,0,0,12.7,21
9/10/2019,83.9,61.3,80.4,57.6,0,0,12.2,20.6
9/11/2019,88.1,60.1,85,59.6,0,0,7.6,15.4
9/12/2019,97.6,61.3,94,58.7,0,0,6.2,15
9/13/2019,100.6,64.7,96.8,62.2,0,0,7.7,14.8
9/14/2019,102.7,64.7,99.5,59.8,0,0,6.5,13
9/15/2019,99.7,66.5,96.3,63.7,0,0,13.3,22.1
9/16/2019,84.4,64.6,83.7,61.4,0,0,18,32
9/17/2019,83.6,57.7,81,56.9,0,0,11.6,18.8
9/18/2019,86.1,59.4,84.2,57.2,0,0,13,21.9
9/19/2019,80.5,61.6,76.2,59.7,0,0,13.3,22.4
9/20/2019,84.5,58.4,80.6,55.5,0,0,6.6,16.1
9/21/2019,89,57.3,86.3,53.9,0,0,6.8,13.6
9/22/2019,93.1,58.9,90.6,56.2,0,0,6.5,11.9
9/23/2019,90.5,65.5,86.6,62.7,0,0,10.2,20.4
9/24/2019,96.4,62.8,93.6,61,0,0,5.2,13.4
9/25/2019,99.1,64.6,96.3,60.7,0,0,5.5,12.5
9/26/2019,96.6,68.7,95.5,65.9,0,0,11.5,19.5
9/27/2019,86.5,67.1,85.6,66,0,0,9.7,18.3
9/28/2019,78,58.8,74.8,53.3,0,0,13.5,23.3
9/29/2019,73.2,53.7,68.9,50.2,0,0,10.9,18.3
9/30/2019,72.4,52.6,66.9,49.1,0,0,10,20.4
10/1/2019,72.6,49,66.6,45,0,0,8.1,17
10/2/2019,78.4,47.2,73.5,41.9,0,0,6.4,12.8
10/3/2019,82.2,52.3,78.1,47.9,0,0,11.1,18.3
10/4/2019,78.5,54.5,71.9,48.1,0,0,11.3,20.6
10/5/2019,81,49.1,76.5,44.2,0,0,6.3,12.3
10/6/2019,88.4,51.9,83.8,48.2,0,0,6.5,11
10/7/2019,91.9,53.9,87.5,48.9,0,0,7.1,11.2
10/8/2019,91.3,53.7,85.5,48.4,0,0,7.2,12.5
10/9/2019,81.3,58.2,74.4,53.4,0,0,12.4,23.5
10/10/2019,77.6,48.7,71.2,42.4,0,0,6.2,15.9
10/11/2019,80.6,50.5,74.1,46.4,0,0,5.1,13.4
10/12/2019,82.9,46.2,77,40.5,0,0,5,11.6
10/13/2019,83.3,47.1,76.9,40.2,0,0,6.8,13.2
10/14/2019,81.2,50.5,74.8,45.8,0,0,6.8,15
10/15/2019,84.3,50,78.7,45.1,0,0,6.8,13.2
10/16/2019,82.6,49.7,76.9,44.4,0,0,6.5,12.1
10/17/2019,75.3,56.7,68.7,53.2,0,0,15.6,27.3
10/18/2019,73.7,51.1,67.6,46.6,0,0,10.1,16.8
10/19/2019,76.6,50.2,71.1,46.7,0,0,9.5,18.1
10/20/2019,76.7,57.7,71.5,53.3,0,0,9.3,18.1
10/21/2019,79.4,50.8,76.2,48.6,0,0,5.3,11.2
10/22/2019,84.6,51,81,47.3,0,0,7,11.2
10/23/2019,84.5,53.3,81.2,49.5,0,0,6,12.3
10/24/2019,89.8,56,85.1,53.3,0,0,6.5,13.2
10/25/2019,88.8,53.2,83.2,49.9,0,0,7,11.6
10/26/2019,85.9,51.1,80.4,46.2,0,0,6.7,11.4
10/27/2019,71.3,53.2,62.8,45.3,0,0,12,21.7
10/28/2019,71.3,44.1,65.3,36,0,0,6.7,13.4
10/29/2019,71.2,41.3,62.4,34.2,0,0,7.2,16.8
10/30/2019,70.5,40.6,64.3,35.2,0,0,8.1,13.4
10/31/2019,70.8,39.6,63.4,32.9,0,0,7,13.9
11/1/2019,73,37.5,67.2,32.2,0,0,5.4,11.6
11/2/2019,76.1,41.4,69.5,35.5,0,0,7.3,10.7
11/3/2019,76.6,40.1,70.6,33.8,0,0,6.5,9.2
11/4/2019,78.4,43.3,72.4,36.4,0,0,6.4,10.1
11/5/2019,80.7,46,74.4,40.9,0,0,6.8,11.2
11/6/2019,79.3,45.3,74.5,38.7,0,0,6.6,9.2
11/7/2019,81.3,49.8,75.7,45,0,0,7.2,9.6
11/8/2019,81.1,48.7,76.8,43.4,0,0,6.8,9.4
11/9/2019,77.6,46.8,73.2,41.8,0,0,5.7,11.2
11/10/2019,77.4,45.4,72.7,39.9,0,0,6.1,10.5
11/11/2019,78.7,46.4,74.5,41,0,0,6.1,9.8
11/12/2019,81.1,47.1,76.8,41.5,0,0,6.4,8.9
11/13/2019,77,47.6,72.3,42.9,0,0,4.9,9.4
11/14/2019,73.1,52,70.4,47.1,0,0,6.8,11.4
11/15/2019,69.4,51.5,65.3,48.1,0,0,8.1,16.6
11/16/2019,70.7,46.4,68.8,44,0,0,5.1,10.1
11/17/2019,76.6,46.4,73.6,43.1,0,0,5.1,9.6
11/18/2019,77.2,44.8,73.6,41.5,0,0,6.1,10.1
11/19/2019,72.5,45.6,66.6,40.3,0,0,12.8,23.3
11/20/2019,61.7,47.1,57.2,44.6,0.008,0.008,7.9,14.8
11/21/2019,65.4,47,61.4,43.8,0,0,7.4,15.9
11/22/2019,67,43.1,62.9,38.7,0,0,6.5,10.1
11/23/2019,68.9,42.7,64.4,39.4,0,0,5.9,13.6
11/24/2019,67.8,40.3,64.7,35.6,0,0,5.2,10.7
11/25/2019,64.2,41,51.5,36,0,0,19,32.2
11/26/2019,56.9,35,48.2,28.5,0.012,0.012,14.8,28.4
11/27/2019,50.1,42.4,45.7,34.8,1.102,1.102,11.4,23
11/28/2019,46.7,41.4,43,35.7,0.157,0.157,9.8,16.1
11/29/2019,49,36.5,42.8,30.4,0.157,0.157,7.1,19.7
11/30/2019,51.5,34.4,44.5,27.6,0.248,0.248,13.7,21.7
12/1/2019,53.4,45.6,49.8,40.6,0.61,0.61,11.2,18.1
12/2/2019,65.2,46.2,62.8,41.7,0.008,0.008,9.3,17.2
12/3/2019,56.9,44.3,55.9,40.9,0,0,5.6,10.5
12/4/2019,58.7,48.8,56.6,44.2,0.461,0.461,9,22.6
12/5/2019,63.5,44,60.6,39.8,0,0,6.5,12.8
12/6/2019,65.1,42.5,61.2,37.6,0,0,10.3,17.9
12/7/2019,62.4,51.7,60.1,47.3,0.268,0.268,10.5,25.3
12/8/2019,60.9,47.5,59.4,45.1,0.402,0.402,9.6,17.4
12/9/2019,56.2,44.6,54.1,40.8,0,0,5.3,10.5
12/10/2019,56.8,43.5,54.6,40.8,0,0,5.9,9.2
12/11/2019,56.6,41.6,54.6,36.8,0,0,6.5,12.8
12/12/2019,64.1,44.7,62.6,40.4,0,0,5.6,9.2
12/13/2019,61.3,44.5,61.1,41,0.024,0.024,5.3,10.5
12/14/2019,58.2,46,54,41.6,0.016,0.016,13.4,22.8
12/15/2019,55.1,39.9,47.6,34.9,0.008,0.008,12.2,20.6
12/16/2019,54.2,35.7,50.9,30.7,0,0,6.3,10.1
12/17/2019,55.9,33.9,51.3,28.3,0,0,7.8,9.8
12/18/2019,57.6,40.2,50,32.2,0,0,9,15.4
12/19/2019,58.3,40.6,54.4,34.2,0,0,5.8,8.5
12/20/2019,61.3,36.9,57.4,30.6,0,0,7.3,10.3
12/21/2019,64.9,43.7,59.2,38.3,0,0,8.5,14.3
12/22/2019,53.2,46.7,48.6,40.1,0.181,0.181,10.8,23.5
12/23/2019,50.7,44.6,49.4,41.6,0.11,0.11,6.9,13.2
12/24/2019,53.7,42.3,49.5,37.6,0.031,0.031,5.4,11.4
12/25/2019,54.5,40.1,47.2,35.7,0.008,0.008,10.6,18.6
12/26/2019,53.2,40.4,48.2,35.8,0.157,0.157,11.2,19.5
12/27/2019,51.6,36.7,47.8,31.3,0,0,6,8.9
12/28/2019,52.9,33.8,49.7,27.8,0,0,5.4,8.1
12/29/2019,52.3,35.4,47.3,29.5,0,0,5.8,12.3
12/30/2019,58.4,41.1,53.7,37.2,0.004,0.004,9.9,18.3
12/31/2019,57.9,35.8,54.8,29.5,0,0,6.8,10.5
